,Data,Inflow,Net_evaporation,storage,vol_reg,evap,vol_vert,falha
0,1912-01-01,0.684,0.1291,970.0,65.7,14.089103327983667,0.0,0
1,1912-02-01,649.59,0.0909,890.8948966720162,65.7,14.735147244252936,0.0,0
2,1912-03-01,342.06,0.0716,1460.0497494277633,65.7,13.270626452322276,0.0,0
3,1912-04-01,203.98,0.0691,1723.139122975441,65.7,13.559732310905375,0.0,0
4,1912-05-01,32.009,0.0807,1847.8593906645358,65.7,15.501331015280996,0.0,0
5,1912-06-01,13.306,0.1177,1798.6670596492547,65.7,21.894145387697044,0.0,0
6,1912-07-01,0.0,0.1505,1724.3789142615578,65.7,26.81985109539213,0.0,0
7,1912-08-01,0.0,0.1742,1631.8590631661657,65.7,29.603294867842703,0.0,0
8,1912-09-01,0.0,0.1751,1536.555768298323,65.7,28.26818113776386,0.0,0
9,1912-10-01,0.0,0.1893,1442.5875871605595,65.7,28.95002174691594,0.0,0
10,1912-11-01,0.0,0.1719,1347.9375654136436,65.7,24.8196951344129,0.0,0
11,1912-12-01,0.0,0.1702,1257.4178702792308,65.7,23.15850917783973,0.0,0
12,1913-01-01,0.0,0.1291,1168.5593611013912,65.7,16.515490885668296,0.0,0
13,1913-02-01,84.729,0.0909,1086.343870215723,65.7,11.660664315040632,0.0,0
14,1913-03-01,401.68,0.0716,1093.7122059006824,65.7,11.321377050205527,0.0,0
15,1913-04-01,246.03,0.0691,1418.370828850477,65.7,11.970186121581584,0.0,0
16,1913-05-01,92.888,0.0807,1586.7306427288956,65.7,14.084727249152499,0.0,0
17,1913-06-01,7.28,0.1177,1599.8339154797432,65.7,19.768334041408348,0.0,0
18,1913-07-01,0.0,0.1505,1521.6455814383348,65.7,24.109167858223053,0.0,0
19,1913-08-01,0.0,0.1742,1431.8364135801119,65.7,26.48050313737117,0.0,0
20,1913-09-01,0.0,0.1751,1339.6559104427406,65.7,25.147164064234644,0.0,0
21,1913-10-01,0.0,0.1893,1248.808746378506,65.7,25.595025089809898,0.0,0
22,1913-11-01,0.0,0.1719,1157.5137212886962,65.7,21.79054056625688,0.0,0
23,1913-12-01,1.76,0.1702,1070.0231807224393,65.7,20.200474642880415,0.0,0
24,1914-01-01,530.34,0.1291,985.8827060795587,65.7,20.62826115129961,0.0,0
25,1914-02-01,630.76,0.0909,1429.8944449282592,65.7,18.8739123865124,36.080532541746834,0
26,1914-03-01,313.81,0.0716,1940.0,65.7,16.048880440694642,232.0611195593051,0
27,1914-04-01,23.661,0.0691,1940.0,65.7,13.778001202935368,0.0,0
28,1914-05-01,1.337,0.0807,1884.1829987970648,65.7,15.540952774237415,0.0,0
29,1914-06-01,0.0,0.1177,1804.2790460228275,65.7,21.81502021293408,0.0,0
30,1914-07-01,0.0,0.1505,1716.7640258098936,65.7,26.718984632681224,0.0,0
31,1914-08-01,0.0,0.1742,1624.3450411772124,65.7,29.487127631808107,0.0,0
32,1914-09-01,0.0,0.1751,1529.1579135454042,65.7,28.15211702922614,0.0,0
33,1914-10-01,0.0,0.1893,1435.3057965161784,65.7,28.825301670631188,0.0,0
34,1914-11-01,0.0,0.1719,1340.780494845547,65.7,24.70713463712721,0.0,0
35,1914-12-01,0.0,0.1702,1250.37336020842,65.7,23.047590144391506,0.0,0
36,1915-01-01,0.0,0.1291,1161.6257700640285,65.7,16.43164269227767,0.0,0
37,1915-02-01,0.0,0.0909,1079.494127371751,65.7,10.875948598360289,0.0,0
38,1915-03-01,0.0,0.0716,1002.9181787733907,65.7,8.047278338920446,0.0,0
39,1915-04-01,9.885,0.0691,929.1709004344701,65.7,7.340707086910101,0.0,0
40,1915-05-01,0.0,0.0807,866.01519334756,65.7,7.994864971667942,0.0,0
41,1915-06-01,0.0,0.1177,792.3203283758919,65.7,10.791455970304092,0.0,0
42,1915-07-01,0.0,0.1505,715.8288724055878,65.7,12.631572264099145,0.0,0
43,1915-08-01,0.0,0.1742,637.4973001414886,65.7,13.218524921978226,0.0,0
44,1915-09-01,0.0,0.1751,558.5787752195104,65.7,11.847279201727769,0.0,0
45,1915-10-01,0.0,0.1893,481.0314960177825,65.7,11.239516109346786,0.0,0
46,1915-11-01,0.0,0.1719,404.0919799084357,65.7,8.7647364429955,0.0,0
47,1915-12-01,159.73,0.1702,329.6272434654402,65.7,10.263585237212926,0.0,0
48,1916-01-01,1.967,0.1291,413.3936582282273,65.7,6.751972418244216,0.0,0
49,1916-02-01,0.0,0.0909,342.90868580998307,65.7,4.019124238614101,0.0,0
50,1916-03-01,407.34,0.0716,273.1895615713689,65.7,5.764551173364353,0.0,0
51,1916-04-01,54.574,0.0691,609.0650103980046,65.7,5.444101648719621,0.0,0
52,1916-05-01,55.312,0.0807,592.4949087492848,65.7,6.224721888927485,0.0,0
53,1916-06-01,13.275,0.1177,575.8821868603574,65.7,8.35388119518536,0.0,0
54,1916-07-01,0.0,0.1505,515.103305665172,65.7,9.495940132354423,0.0,0
55,1916-08-01,0.0,0.1742,439.90736553281755,65.7,9.569010977137344,0.0,0
56,1916-09-01,0.0,0.1751,364.63835455568017,65.7,8.15395093670838,0.0,0
57,1916-10-01,0.0,0.1893,290.78440361897174,65.7,7.205196437620172,0.0,0
58,1916-11-01,0.0,0.1719,217.87920718135157,65.7,5.043281138132223,0.0,0
59,1916-12-01,0.0,0.1702,147.13592604321937,65.7,3.463857074615541,0.0,0
60,1917-01-01,655.63,0.1291,77.97206896860382,65.7,11.073397243662948,0.0,0
61,1917-02-01,922.6,0.0909,656.8286717249408,65.7,15.051935085731166,0.0,0
62,1917-03-01,1499.3,0.0716,1498.6767366392098,65.7,20.443610444507875,971.8331261947019,0
63,1917-04-01,352.03,0.0691,1940.0,65.7,15.712075026539955,270.61792497346005,0
64,1917-05-01,343.43,0.0807,1940.0,65.7,18.286713911677822,259.4432860883221,0
65,1917-06-01,270.17,0.1177,1940.0,65.7,25.921995918181974,178.54800408181836,0
66,1917-07-01,82.845,0.1505,1940.0,65.7,30.721082214381468,0.0,0
67,1917-08-01,0.0,0.1742,1926.4239177856186,65.7,34.09468580335823,0.0,0
68,1917-09-01,0.0,0.1751,1826.6292319822605,65.7,32.75383257753491,0.0,0
69,1917-10-01,0.0,0.1893,1728.1753994047258,65.7,33.76809510096395,0.0,0
70,1917-11-01,0.0,0.1719,1628.7073043037622,65.7,29.16587964766442,0.0,0
71,1917-12-01,0.0,0.1702,1533.8414246560978,65.7,27.438810940088935,0.0,0
72,1918-01-01,0.0,0.1291,1440.702613716009,65.7,19.748917291720716,0.0,0
73,1918-02-01,0.0,0.0909,1355.2536964242884,65.7,13.210246980743673,0.0,0
74,1918-03-01,0.246,0.0716,1276.3434494435448,65.7,9.89206042054968,0.0,0
75,1918-04-01,139.88,0.0691,1200.9973890229953,65.7,9.956184791139679,0.0,0
76,1918-05-01,288.36,0.0807,1265.2212042318558,65.7,13.179455226270825,0.0,0
77,1918-06-01,48.92,0.1177,1474.701749005585,65.7,18.889825558771726,0.0,0
78,1918-07-01,0.0,0.1505,1439.0319234468136,65.7,22.988435025568123,0.0,0
79,1918-08-01,0.0,0.1742,1350.3434884212456,65.7,25.188750190156583,0.0,0
80,1918-09-01,0.0,0.1751,1259.454738231089,65.7,23.855448867895355,0.0,0
81,1918-10-01,0.0,0.1893,1169.8992893631937,65.7,24.20561597272409,0.0,0
82,1918-11-01,0.0,0.1719,1079.9936733904697,65.7,20.535184499369876,0.0,0
83,1918-12-01,0.0,0.1702,993.7584888910998,65.7,18.933350298259082,0.0,0
84,1919-01-01,0.0,0.1291,909.1251385928407,65.7,13.318697210199892,0.0,0
85,1919-02-01,0.0,0.0909,830.1064413826408,65.7,8.681147714385219,0.0,0
86,1919-03-01,0.0,0.0716,755.7252936682556,65.7,6.3101493748109885,0.0,0
87,1919-04-01,0.0,0.0691,683.7151442934446,65.7,5.5861319510852905,0.0,0
88,1919-05-01,0.0,0.0807,612.4290123423593,65.7,5.929319307594046,0.0,0
89,1919-06-01,0.0,0.1177,540.7996930347653,65.7,7.754938179324279,0.0,0
90,1919-07-01,0.0,0.1505,467.3447548554409,65.7,8.72274713846819,0.0,0
91,1919-08-01,0.0,0.1742,392.9220077169727,65.7,8.664955006759303,0.0,0
92,1919-09-01,0.0,0.1751,318.5570527102134,65.7,7.233195127862528,0.0,0
93,1919-10-01,0.0,0.1893,245.6238575823509,65.7,6.189817957421759,0.0,0
94,1919-11-01,0.0,0.1719,173.73403962492912,65.7,4.091767494642185,0.0,0
95,1919-12-01,0.0,0.1702,103.94227213028694,65.7,2.4650555798563234,0.0,0
96,1920-01-01,0.0,0.1291,35.777216550430616,35.28613770302451,0.491078847406104,0.0,1
97,1920-02-01,0.0,0.0909,0.0,0.0,0.0,0.0,1
98,1920-03-01,750.52,0.0716,0.0,65.7,6.272672421380211,0.0,0
99,1920-04-01,1020.7,0.0691,678.5473275786197,65.7,12.183190393902185,0.0,0
100,1920-05-01,227.64,0.0807,1621.3641371847177,65.7,15.284615865774544,0.0,0
101,1920-06-01,123.41,0.1177,1768.0195213189434,65.7,22.708208926860486,0.0,0
102,1920-07-01,4.179,0.1505,1803.021312392083,65.7,27.91241830219726,0.0,0
103,1920-08-01,0.0,0.1742,1713.587894089886,65.7,30.861448854765115,0.0,0
104,1920-09-01,0.0,0.1751,1617.026445235121,65.7,29.525057911393347,0.0,0
105,1920-10-01,0.0,0.1893,1521.8013873237276,65.7,30.30044121990702,0.0,0
106,1920-11-01,0.0,0.1719,1425.8009461038207,65.7,26.03825710350587,0.0,0
107,1920-12-01,0.0,0.1702,1334.062689000315,65.7,24.359069433755884,0.0,0
108,1921-01-01,19.174,0.1291,1244.003619566559,65.7,17.65202229928385,0.0,0
109,1921-02-01,323.23,0.0909,1179.8255972672753,65.7,14.42947831112248,0.0,0
110,1921-03-01,630.76,0.0716,1422.926118956153,65.7,14.830051096401935,33.156067859751374,0
111,1921-04-01,299.38,0.0691,1940.0,65.7,15.405092065194061,218.27490793480592,0
112,1921-05-01,82.219,0.0807,1940.0,65.7,16.49372535295779,0.025274647042351717,0
113,1921-06-01,66.528,0.1177,1940.0,65.7,23.877929025511747,0.0,0
114,1921-07-01,18.986,0.1505,1916.9500709744882,65.7,29.595137821103485,0.0,0
115,1921-08-01,0.0,0.1742,1840.6409331533848,65.7,32.79871184442233,0.0,0
116,1921-09-01,0.0,0.1751,1742.1422213089627,65.7,31.459833099860358,0.0,0
117,1921-10-01,0.0,0.1893,1644.9823882091023,65.7,32.378582803915286,0.0,0
118,1921-11-01,0.0,0.1719,1546.903805405187,65.7,27.912845672224357,0.0,0
119,1921-12-01,0.0,0.1702,1453.2909597329628,65.7,26.20522117950378,0.0,0
120,1922-01-01,0.0,0.1291,1361.3857385534593,65.7,18.817437541159702,0.0,0
121,1922-02-01,15.942,0.0909,1276.8683010122998,65.7,12.688884259042766,0.0,0
122,1922-03-01,17.166,0.0716,1214.4214167532573,65.7,9.593425911952615,0.0,0
123,1922-04-01,938.3,0.0691,1156.2939908413048,65.7,14.554896283547361,74.33909455775733,0
124,1922-05-01,262.97,0.0807,1940.0,65.7,17.738065991654427,179.53193400834607,0
125,1922-06-01,52.407,0.1177,1940.0,65.7,23.7350042537255,0.0,0
126,1922-07-01,12.741,0.1505,1902.9719957462746,65.7,29.33200230751965,0.0,0
127,1922-08-01,7.531,0.1742,1820.6809934387552,65.7,32.610156744965856,0.0,0
128,1922-09-01,0.0,0.1751,1729.9018366937894,65.7,31.271545568514437,0.0,0
129,1922-10-01,0.0,0.1893,1632.930291125275,65.7,32.17637377389081,0.0,0
130,1922-11-01,0.0,0.1719,1535.0539173513844,65.7,27.73047387487493,0.0,0
131,1922-12-01,9.76,0.1702,1441.6234434765097,65.7,26.17587916517624,0.0,0
132,1923-01-01,12.741,0.1291,1359.5075643113335,65.7,18.945507331559313,0.0,0
133,1923-02-01,242.26,0.0909,1287.6030569797742,65.7,14.64852435996438,0.0,0
134,1923-03-01,79.708,0.0716,1449.5145326198099,65.7,11.53928740989737,0.0,0
135,1923-04-01,134.0,0.0691,1451.9832452099126,65.7,11.48822677490782,0.0,0
136,1923-05-01,11.454,0.0807,1508.795018435005,65.7,12.938125802354778,0.0,0
137,1923-06-01,26.329,0.1177,1441.6108926326503,65.7,18.299700879064034,0.0,0
138,1923-07-01,8.818,0.1505,1383.9401917535863,65.7,22.356246915814747,0.0,0
139,1923-08-01,0.0,0.1742,1304.7019448377716,65.7,24.45990068477665,0.0,0
140,1923-09-01,0.0,0.1751,1214.5420441529952,65.7,23.126407955092972,0.0,0
141,1923-10-01,0.0,0.1893,1125.7156361979025,65.7,23.421173281686656,0.0,0
142,1923-11-01,0.0,0.1719,1036.594462916216,65.7,19.826149876164894,0.0,0
143,1923-12-01,0.0,0.1702,951.068313040051,65.7,18.233389324369863,0.0,0
144,1924-01-01,0.0,0.1291,867.1349237156811,65.7,12.788417815181635,0.0,0
145,1924-02-01,1697.7,0.0909,788.6465059004995,65.7,22.13689225116667,458.50961364933255,0
146,1924-03-01,715.49,0.0716,1940.0,65.7,18.445477127875545,631.3445228721243,0
147,1924-04-01,3778.3,0.0691,1940.0,65.7,34.078444016401164,3678.521555983599,0
148,1924-05-01,577.41,0.0807,1940.0,65.7,19.865285232428754,491.8447147675711,0
149,1924-06-01,69.352,0.1177,1940.0,65.7,23.90649281566875,0.0,0
150,1924-07-01,0.0,0.1505,1919.7455071843315,65.7,29.384506878049308,0.0,0
151,1924-08-01,0.0,0.1742,1824.6610003062824,65.7,32.55624865062821,0.0,0
152,1924-09-01,0.0,0.1751,1726.4047516556543,65.7,31.217713012122736,0.0,0
153,1924-10-01,0.0,0.1893,1629.4870386435316,65.7,32.11855982422899,0.0,0
154,1924-11-01,0.0,0.1719,1531.6684788193027,65.7,27.67833046070249,0.0,0
155,1924-12-01,0.0,0.1702,1438.2901483586002,65.7,25.974308315420135,0.0,0
156,1925-01-01,272.7,0.1291,1346.61584004318,65.7,21.81755474716369,0.0,0
157,1925-02-01,279.29,0.0909,1531.7982852960165,65.7,16.911915614069613,0.0,0
158,1925-03-01,615.07,0.0716,1728.4763696819468,65.7,16.58977269744239,321.25659698450454,0
159,1925-04-01,806.5,0.0691,1940.0,65.7,18.318453060563826,722.4815469394366,0
160,1925-05-01,0.0,0.0807,1940.0,65.7,15.921940422064969,0.0,0
161,1925-06-01,0.0,0.1177,1858.3780595779351,65.7,22.370254726156467,0.0,0
162,1925-07-01,0.0,0.1505,1770.3078048517789,65.7,27.426739750522664,0.0,0
163,1925-08-01,0.0,0.1742,1677.1810651012563,65.7,30.302194847740086,0.0,0
164,1925-09-01,0.0,0.1751,1581.1788702535164,65.7,28.966406986032048,0.0,0
165,1925-10-01,0.0,0.1893,1486.5124632674845,65.7,29.700255640404844,0.0,0
166,1925-11-01,0.0,0.1719,1391.1122076270797,65.7,25.496718443855105,0.0,0
167,1925-12-01,0.0,0.1702,1299.9154891832247,65.7,23.82558178990771,0.0,0
168,1926-01-01,0.0,0.1291,1210.3899073933171,65.7,17.019688642094245,0.0,0
169,1926-02-01,455.03,0.0909,1127.670218751223,65.7,15.078490607362905,0.0,0
170,1926-03-01,1970.7,0.0716,1501.92172814386,65.7,23.154475167856326,1443.7672529760043,0
171,1926-04-01,699.8,0.0691,1940.0,65.7,17.713100360013726,616.3868996399865,0
172,1926-05-01,94.144,0.0807,1940.0,65.7,16.576347702971617,11.867652297028371,0
173,1926-06-01,0.0,0.1177,1940.0,65.7,23.203156621634122,0.0,0
174,1926-07-01,0.0,0.1505,1851.096843378366,65.7,28.488263092684512,0.0,0
175,1926-08-01,0.0,0.1742,1756.9085802856816,65.7,31.52446394709377,0.0,0
176,1926-09-01,0.0,0.1751,1659.684116338588,65.7,30.187288768558993,0.0,0
177,1926-10-01,0.0,0.1893,1563.796827570029,65.7,31.011824105017066,0.0,0
178,1926-11-01,0.0,0.1719,1467.085003465012,65.7,26.68004238439345,0.0,0
179,1926-12-01,0.0,0.1702,1374.7049610806187,65.7,24.991214332850305,0.0,0
180,1927-01-01,0.0,0.1291,1284.0137467477684,65.7,17.900449332799305,0.0,0
181,1927-02-01,25.733,0.0909,1200.4132974149693,65.7,12.127834700273592,0.0,0
182,1927-03-01,147.81,0.0716,1148.318462714696,65.7,10.02119723050887,0.0,0
183,1927-04-01,38.913,0.0691,1220.407265484187,65.7,9.436819836402444,0.0,0
184,1927-05-01,11.737,0.0807,1184.1834456477845,65.7,10.54226177339811,0.0,0
185,1927-06-01,0.0,0.1177,1119.6781838743866,65.7,14.520604884328554,0.0,0
186,1927-07-01,0.0,0.1505,1039.4575789900582,65.7,17.40814818167059,0.0,0
187,1927-08-01,0.0,0.1742,956.3494308083876,65.7,18.748945972337516,0.0,0
188,1927-09-01,0.0,0.1751,871.90048483605,65.7,17.406812211244862,0.0,0
189,1927-10-01,0.0,0.1893,788.7936726248051,65.7,17.2578975088842,0.0,0
190,1927-11-01,0.0,0.1719,705.8357751159209,65.7,14.245632997303185,0.0,0
191,1927-12-01,0.0,0.1702,625.8901421186177,65.7,12.712441957453297,0.0,0
192,1928-01-01,0.0,0.1291,547.4777001611644,65.7,8.59463471619345,0.0,0
193,1928-02-01,0.0,0.0909,473.1830654449709,65.7,5.334891489972832,0.0,0
194,1928-03-01,70.921,0.0716,402.148173954998,65.7,4.203585566306357,0.0,0
195,1928-04-01,163.18,0.0691,403.1655883886917,65.7,4.745457396022659,0.0,0
196,1928-05-01,0.0,0.0807,495.900130992669,65.7,4.935556418785927,0.0,0
197,1928-06-01,0.0,0.1177,425.264574573883,65.7,6.28649385996174,0.0,0
198,1928-07-01,0.0,0.1505,353.2780807139212,65.7,6.819954284256555,0.0,0
199,1928-08-01,0.0,0.1742,280.7581264296646,65.7,6.428325834623051,0.0,0
200,1928-09-01,0.0,0.1751,208.6298005950416,65.7,4.936604126968401,0.0,0
201,1928-10-01,0.0,0.1893,137.99319646807317,65.7,3.620478682139151,0.0,0
202,1928-11-01,0.0,0.1719,68.67271778593403,65.7,1.6022947588328367,0.0,0
203,1928-12-01,37.344,0.1702,1.3704230271011895,37.97258253255292,0.7418404945482745,0.0,1
204,1929-01-01,0.0,0.1291,0.0,0.0,0.0,0.0,1
205,1929-02-01,85.984,0.0909,0.0,65.7,1.0866771154660821,0.0,0
206,1929-03-01,224.69,0.0716,19.19732288453391,65.7,2.335188181539873,0.0,0
207,1929-04-01,80.336,0.0691,175.85213470299405,65.7,2.3562596072499797,0.0,0
208,1929-05-01,25.513,0.0807,188.13187509574408,65.7,2.3326776397421534,0.0,0
209,1929-06-01,0.0,0.1177,145.61219745600192,65.7,2.3764366765241336,0.0,0
210,1929-07-01,0.0,0.1505,77.53576077947778,65.7,1.6063760229418533,0.0,0
211,1929-08-01,0.0,0.1742,10.229384756535921,10.020710205069967,0.20867455146595482,0.0,1
212,1929-09-01,0.0,0.1751,0.0,0.0,0.0,0.0,1
213,1929-10-01,0.0,0.1893,0.0,0.0,0.0,0.0,1
214,1929-11-01,0.0,0.1719,0.0,0.0,0.0,0.0,1
215,1929-12-01,0.0,0.1702,0.0,0.0,0.0,0.0,1
216,1930-01-01,0.0,0.1291,0.0,0.0,0.0,0.0,1
217,1930-02-01,0.0,0.0909,0.0,0.0,0.0,0.0,1
218,1930-03-01,304.34,0.0716,0.0,65.7,2.8489211352374406,0.0,0
219,1930-04-01,43.758,0.0691,235.7910788647625,65.7,2.548537575931215,0.0,0
220,1930-05-01,41.299,0.0807,211.3005412888313,65.7,2.7159974628797667,0.0,0
221,1930-06-01,15.241,0.1177,184.18354382595155,65.7,3.1898055108272914,0.0,0
222,1930-07-01,0.0,0.1505,130.5347383151243,65.7,2.732189865719807,0.0,0
223,1930-08-01,0.0,0.1742,62.10254844940447,60.65678740048371,1.4457610489207675,0.0,1
224,1930-09-01,0.0,0.1751,0.0,0.0,0.0,0.0,1
225,1930-10-01,0.0,0.1893,0.0,0.0,0.0,0.0,1
226,1930-11-01,0.0,0.1719,0.0,0.0,0.0,0.0,1
227,1930-12-01,0.0,0.1702,0.0,0.0,0.0,0.0,1
228,1931-01-01,16.538,0.1291,0.0,16.306177420158598,0.2318225798414017,0.0,1
229,1931-02-01,126.78,0.0909,0.0,65.7,1.6078584465458348,0.0,0
230,1931-03-01,77.512,0.0716,59.47214155345417,65.7,1.365927400867863,0.0,0
231,1931-04-01,40.482,0.0691,69.9182141525863,65.7,1.0676521056426187,0.0,0
232,1931-05-01,4.55,0.0807,43.63256204694368,47.69246020347534,0.4901018434683425,0.0,1
233,1931-06-01,0.0,0.1177,0.0,0.0,0.0,0.0,1
234,1931-07-01,0.0,0.1505,0.0,0.0,0.0,0.0,1
235,1931-08-01,0.0,0.1742,0.0,0.0,0.0,0.0,1
236,1931-09-01,0.0,0.1751,0.0,0.0,0.0,0.0,1
237,1931-10-01,0.0,0.1893,0.0,0.0,0.0,0.0,1
238,1931-11-01,0.0,0.1719,0.0,0.0,0.0,0.0,1
239,1931-12-01,0.0,0.1702,0.0,0.0,0.0,0.0,1
240,1932-01-01,0.0,0.1291,0.0,0.0,0.0,0.0,1
241,1932-02-01,12.678,0.0909,0.0,12.547526398277412,0.1304736017225878,0.0,1
242,1932-03-01,5.46,0.0716,0.0,5.409466902360689,0.05053309763931091,0.0,1
243,1932-04-01,0.0,0.0691,0.0,0.0,0.0,0.0,1
244,1932-05-01,0.0,0.0807,0.0,0.0,0.0,0.0,1
245,1932-06-01,0.0,0.1177,0.0,0.0,0.0,0.0,1
246,1932-07-01,0.0,0.1505,0.0,0.0,0.0,0.0,1
247,1932-08-01,0.0,0.1742,0.0,0.0,0.0,0.0,1
248,1932-09-01,0.0,0.1751,0.0,0.0,0.0,0.0,1
249,1932-10-01,0.0,0.1893,0.0,0.0,0.0,0.0,1
250,1932-11-01,0.0,0.1719,0.0,0.0,0.0,0.0,1
251,1932-12-01,0.0,0.1702,0.0,0.0,0.0,0.0,1
252,1933-01-01,0.0,0.1291,0.0,0.0,0.0,0.0,1
253,1933-02-01,0.0,0.0909,0.0,0.0,0.0,0.0,1
254,1933-03-01,9.096,0.0716,0.0,9.018311054155035,0.07768894584496595,0.0,1
255,1933-04-01,852.78,0.0691,0.0,65.7,6.757623011872399,0.0,0
256,1933-05-01,110.13,0.0807,780.3223769881275,65.7,8.188304852855616,0.0,0
257,1933-06-01,8.112,0.1177,816.5640721352719,65.7,11.169714386488986,0.0,0
258,1933-07-01,0.0,0.1505,747.8063577487828,65.7,13.116969810097878,0.0,0
259,1933-08-01,0.0,0.1742,668.9893879386849,65.7,13.781755850215077,0.0,0
260,1933-09-01,0.0,0.1751,589.5076320884698,65.7,12.414997941103538,0.0,0
261,1933-10-01,0.0,0.1893,511.39263414736627,65.7,11.85621172366282,0.0,0
262,1933-11-01,0.0,0.1719,433.8364224237034,65.7,9.328929064663633,0.0,0
263,1933-12-01,0.0,0.1702,358.8074933590398,65.7,7.81475360461054,0.0,0
264,1934-01-01,78.767,0.1291,285.29273975442925,65.7,6.011673328350618,0.0,0
265,1934-02-01,108.58,0.0909,292.3480664260786,65.7,4.613729773572755,0.0,0
266,1934-03-01,1258.4,0.0716,330.6143366525058,65.7,11.922565055976058,0.0,0
267,1934-04-01,320.09,0.0691,1511.39177159653,65.7,12.985330835967478,0.0,0
268,1934-05-01,154.71,0.0807,1752.7964407605623,65.7,15.694914810433653,0.0,0
269,1934-06-01,3.483,0.1177,1826.111525950129,65.7,22.07516429200911,0.0,0
270,1934-07-01,0.0,0.1505,1741.8193616581198,65.7,27.050601209235936,0.0,0
271,1934-08-01,0.0,0.1742,1649.0687604488837,65.7,29.8690392878799,0.0,0
272,1934-09-01,0.0,0.1751,1553.499721161004,65.7,28.53367995427032,0.0,0
273,1934-10-01,0.0,0.1893,1459.2660412067337,65.7,29.235309499111473,0.0,0
274,1934-11-01,0.0,0.1719,1364.3307317076221,65.7,25.077156739672386,0.0,0
275,1934-12-01,0.0,0.1702,1273.5535749679498,65.7,23.412202185040222,0.0,0
276,1935-01-01,0.0,0.1291,1184.4413727829096,65.7,16.70725514439753,0.0,0
277,1935-02-01,216.09,0.0909,1102.034117638512,65.7,12.900710866579185,0.0,0
278,1935-03-01,377.6,0.0716,1239.523406771933,65.7,12.101954593878794,0.0,0
279,1935-04-01,744.13,0.0691,1539.321452178054,65.7,15.662133421767287,262.08931875628696,0
280,1935-05-01,637.19,0.0807,1940.0,65.7,20.264798771587486,551.2252012284125,0
281,1935-06-01,172.57,0.1177,1940.0,65.7,24.94622871728854,81.92377128271164,0
282,1935-07-01,24.091,0.1505,1940.0,65.7,29.960757019331396,0.0,0
283,1935-08-01,0.0,0.1742,1868.4302429806685,65.7,33.21956743139924,0.0,0
284,1935-09-01,0.0,0.1751,1769.5106755492693,65.7,31.880072981375136,0.0,0
285,1935-10-01,0.0,0.1893,1671.9306025678943,65.7,32.829871980742595,0.0,0
286,1935-11-01,0.0,0.1719,1573.4007305871519,65.7,28.31983982834212,0.0,0
287,1935-12-01,0.0,0.1702,1479.3808907588098,65.7,26.60593530390094,0.0,0
288,1936-01-01,0.0,0.1291,1387.0749554549088,65.7,19.12004695481192,0.0,0
289,1936-02-01,40.316,0.0909,1302.254908500097,65.7,13.104668614435248,0.0,0
290,1936-03-01,9.833,0.0716,1263.766239885662,65.7,9.872269935913385,0.0,0
291,1936-04-01,4.917,0.0691,1198.0269699497485,65.7,9.074684825505003,0.0,0
292,1936-05-01,0.0,0.0807,1128.1692851242435,65.7,10.029409908517305,0.0,0
293,1936-06-01,0.0,0.1177,1052.4398752157265,65.7,13.770760264911644,0.0,0
294,1936-07-01,0.0,0.1505,972.9691149508147,65.7,16.449020125902692,0.0,0
295,1936-08-01,0.0,0.1742,890.8200948249121,65.7,17.6402337407741,0.0,0
296,1936-09-01,0.0,0.1751,807.479861084138,65.7,16.294432604602726,0.0,0
297,1936-10-01,0.0,0.1893,725.4854284795352,65.7,16.05665412737884,0.0,0
298,1936-11-01,0.0,0.1719,643.7287743521563,65.7,13.155126534546152,0.0,0
299,1936-12-01,0.0,0.1702,564.87364781761,65.7,11.630007808047935,0.0,0
300,1937-01-01,0.0,0.1291,487.54364000956207,65.7,7.76890527293952,0.0,0
301,1937-02-01,81.277,0.0909,414.0747347366225,65.7,5.552435196531619,0.0,0
302,1937-03-01,88.495,0.0716,424.0992995400908,65.7,4.508365761725804,0.0,0
303,1937-04-01,174.48,0.0691,442.385933778365,65.7,5.1104627052337905,0.0,0
304,1937-05-01,12.552,0.0807,546.0554710731311,65.7,5.474531173995469,0.0,0
305,1937-06-01,0.0,0.1177,487.4329398991356,65.7,7.083747090873708,0.0,0
306,1937-07-01,0.0,0.1505,414.6491928082619,65.7,7.854470813850126,0.0,0
307,1937-08-01,0.0,0.1742,341.09472199441177,65.7,7.646793595125273,0.0,0
308,1937-09-01,0.0,0.1751,267.7479283992865,65.7,6.191759491826566,0.0,0
309,1937-10-01,0.0,0.1893,195.85616890745993,65.7,5.033115026270088,0.0,0
310,1937-11-01,0.0,0.1719,125.12305388118983,65.7,2.9922749385945764,0.0,0
311,1937-12-01,0.0,0.1702,56.43077894259526,55.1716371007671,1.2591418418281553,0.0,1
312,1938-01-01,0.0,0.1291,0.0,0.0,0.0,0.0,1
313,1938-02-01,0.0,0.0909,0.0,0.0,0.0,0.0,1
314,1938-03-01,124.9,0.0716,0.0,65.7,1.2491361880800755,0.0,0
315,1938-04-01,10.607,0.0691,57.95086381191994,65.7,0.6463065703532735,0.0,0
316,1938-05-01,0.0,0.0807,2.211557241566652,2.184962545112616,0.026594696454036126,0.0,1
317,1938-06-01,0.0,0.1177,0.0,0.0,0.0,0.0,1
318,1938-07-01,0.0,0.1505,0.0,0.0,0.0,0.0,1
319,1938-08-01,0.0,0.1742,0.0,0.0,0.0,0.0,1
320,1938-09-01,0.0,0.1751,0.0,0.0,0.0,0.0,1
321,1938-10-01,0.0,0.1893,0.0,0.0,0.0,0.0,1
322,1938-11-01,0.0,0.1719,0.0,0.0,0.0,0.0,1
323,1938-12-01,0.0,0.1702,0.0,0.0,0.0,0.0,1
324,1939-01-01,0.0,0.1291,0.0,0.0,0.0,0.0,1
325,1939-02-01,123.01,0.0909,0.0,65.7,1.5612207055001064,0.0,0
326,1939-03-01,335.78,0.0716,55.74877929449989,65.7,3.5610779554025918,0.0,0
327,1939-04-01,29.341,0.0691,322.2677013390973,65.7,3.125822273765122,0.0,0
328,1939-05-01,93.83,0.0807,282.78287906533217,65.7,3.8776024106155065,0.0,0
329,1939-06-01,12.552,0.1177,307.0352766547166,65.7,4.884662060663697,0.0,0
330,1939-07-01,12.552,0.1505,249.00261459405291,65.7,5.215035782380102,0.0,0
331,1939-08-01,0.0,0.1742,190.63957881167283,65.7,4.519918460366167,0.0,0
332,1939-09-01,0.0,0.1751,120.41966035130667,65.7,2.93539195447649,0.0,0
333,1939-10-01,0.0,0.1893,51.78426839683019,50.529018056172035,1.2552503406581652,0.0,1
334,1939-11-01,0.0,0.1719,0.0,0.0,0.0,0.0,1
335,1939-12-01,0.0,0.1702,0.0,0.0,0.0,0.0,1
336,1940-01-01,0.0,0.1291,0.0,0.0,0.0,0.0,1
337,1940-02-01,0.0,0.0909,0.0,0.0,0.0,0.0,1
338,1940-03-01,781.39,0.0716,0.0,65.7,6.494329730448909,0.0,0
339,1940-04-01,323.23,0.0691,709.195670269551,65.7,7.962159962931251,0.0,0
340,1940-05-01,80.336,0.0807,958.7635103066198,65.7,9.34761215790391,0.0,0
341,1940-06-01,16.381,0.1177,964.0518981487158,65.7,12.959194972602585,0.0,0
342,1940-07-01,0.0,0.1505,901.7737031761133,65.7,15.41029439075718,0.0,0
343,1940-08-01,0.0,0.1742,820.6634087853561,65.7,16.438649785821504,0.0,0
344,1940-09-01,0.0,0.1751,738.5247589995346,65.7,15.08784856781542,0.0,0
345,1940-10-01,0.0,0.1893,657.7369104317191,65.7,14.752316635611304,0.0,0
346,1940-11-01,0.0,0.1719,577.2845937961079,65.7,11.969470730529483,0.0,0
347,1940-12-01,0.0,0.1702,499.61512306557836,65.7,10.451098981137795,0.0,0
348,1941-01-01,0.81,0.1291,423.46402408444055,65.7,6.879019553829387,0.0,0
349,1941-02-01,0.0,0.0909,351.69500453061113,65.7,4.110175222337843,0.0,0
350,1941-03-01,508.38,0.0716,281.88482930827325,65.7,6.557791721810382,0.0,0
351,1941-04-01,89.123,0.0691,718.0070375864627,65.7,6.445314826955393,0.0,0
352,1941-05-01,42.992,0.0807,734.9847227595073,65.7,7.290479782977694,0.0,0
353,1941-06-01,12.552,0.1177,704.9862429765295,65.7,9.907481116697676,0.0,0
354,1941-07-01,6.088,0.1505,641.9307618598319,65.7,11.590443842281818,0.0,0
355,1941-08-01,0.0,0.1742,570.72831801755,65.7,12.009134216231947,0.0,0
356,1941-09-01,0.0,0.1751,493.01918380131804,65.7,10.626549982998725,0.0,0
357,1941-10-01,0.0,0.1893,416.6926338183193,65.7,9.910988151887517,0.0,0
358,1941-11-01,0.0,0.1719,341.08164566643177,65.7,7.546101092299633,0.0,0
359,1941-12-01,0.0,0.1702,267.83554457413214,65.7,6.021206185932577,0.0,0
360,1942-01-01,0.0,0.1291,196.11433838819957,65.7,3.443863217243142,0.0,0
361,1942-02-01,9.446,0.0909,126.97047517095643,65.7,1.7259275313668632,0.0,0
362,1942-03-01,18.389,0.0716,68.99054763958958,65.7,0.871322820264107,0.0,0
363,1942-04-01,22.689,0.0691,20.808224819325467,43.13322206230061,0.36400275702485296,0.0,1
364,1942-05-01,0.0,0.0807,0.0,0.0,0.0,0.0,1
365,1942-06-01,0.0,0.1177,0.0,0.0,0.0,0.0,1
366,1942-07-01,0.0,0.1505,0.0,0.0,0.0,0.0,1
367,1942-08-01,0.0,0.1742,0.0,0.0,0.0,0.0,1
368,1942-09-01,0.0,0.1751,0.0,0.0,0.0,0.0,1
369,1942-10-01,0.0,0.1893,0.0,0.0,0.0,0.0,1
370,1942-11-01,0.0,0.1719,0.0,0.0,0.0,0.0,1
371,1942-12-01,0.0,0.1702,0.0,0.0,0.0,0.0,1
372,1943-01-01,9.728,0.1291,0.0,9.57976334329721,0.14823665670279149,0.0,1
373,1943-02-01,12.615,0.0909,0.0,12.485072957900512,0.12992704209948927,0.0,1
374,1943-03-01,249.48,0.0716,0.0,65.7,2.3835475202495706,0.0,0
375,1943-04-01,101.68,0.0691,181.3964524797504,65.7,2.5773308462306375,0.0,0
376,1943-05-01,13.682,0.0807,214.79912163351977,65.7,2.479966364421234,0.0,0
377,1943-06-01,0.0,0.1177,160.30115526909853,65.7,2.603055821631864,0.0,0
378,1943-07-01,0.0,0.1505,91.99809944746664,65.7,1.9256192036702324,0.0,0
379,1943-08-01,0.0,0.1742,24.37248024379641,23.93877311813528,0.43370712566112823,0.0,1
380,1943-09-01,0.0,0.1751,0.0,0.0,0.0,0.0,1
381,1943-10-01,0.0,0.1893,0.0,0.0,0.0,0.0,1
382,1943-11-01,0.0,0.1719,0.0,0.0,0.0,0.0,1
383,1943-12-01,0.0,0.1702,0.0,0.0,0.0,0.0,1
384,1944-01-01,0.0,0.1291,0.0,0.0,0.0,0.0,1
385,1944-02-01,12.835,0.0909,0.0,12.703166190355248,0.13183380964475394,0.0,1
386,1944-03-01,36.402,0.0716,0.0,36.118960094902036,0.2830399050979698,0.0,1
387,1944-04-01,232.54,0.0691,0.0,65.7,2.158572860158478,0.0,0
388,1944-05-01,25.482,0.0807,164.6814271398415,65.7,2.095883873374864,0.0,0
389,1944-06-01,40.168,0.1177,122.36754326646664,65.7,2.6371953126420085,0.0,0
390,1944-07-01,0.0,0.1505,94.19834795382465,65.7,1.9732417680134708,0.0,0
391,1944-08-01,0.0,0.1742,26.525106185811183,26.059337013735643,0.4657691720755395,0.0,1
392,1944-09-01,0.0,0.1751,0.0,0.0,0.0,0.0,1
393,1944-10-01,0.0,0.1893,0.0,0.0,0.0,0.0,1
394,1944-11-01,0.0,0.1719,0.0,0.0,0.0,0.0,1
395,1944-12-01,113.91,0.1702,0.0,65.7,2.701520123511333,0.0,0
396,1945-01-01,200.84,0.1291,45.50847987648866,65.7,4.24097448701157,0.0,0
397,1945-02-01,643.31,0.0909,176.40750538947708,65.7,8.58760177475257,0.0,0
398,1945-03-01,70.294,0.0716,745.4299036147245,65.7,6.739214890416389,0.0,0
399,1945-04-01,45.22,0.0691,743.284688724308,65.7,6.3170845187329085,0.0,0
400,1945-05-01,483.27,0.0807,716.4876042055752,65.7,10.571166829609865,0.0,0
401,1945-06-01,0.0,0.1177,1123.4864373759656,65.7,14.562856099161817,0.0,0
402,1945-07-01,0.0,0.1505,1043.223581276804,65.7,17.462176196629557,0.0,0
403,1945-08-01,0.0,0.1742,960.0614050801744,65.7,18.81137967662826,0.0,0
404,1945-09-01,0.0,0.1751,875.5500254035461,65.7,17.469428318335858,0.0,0
405,1945-10-01,0.0,0.1893,792.3805970852103,65.7,17.325484068937712,0.0,0
406,1945-11-01,0.0,0.1719,709.3551130162725,65.7,14.306953342677009,0.0,0
407,1945-12-01,0.0,0.1702,629.3481596735954,65.7,12.773262629249505,0.0,0
408,1946-01-01,30.44,0.1291,550.874897044346,65.7,9.054277256986067,0.0,0
409,1946-02-01,42.051,0.0909,506.56061978736,65.7,6.068781564920972,0.0,0
410,1946-03-01,49.896,0.0716,476.842838222439,65.7,4.616493734235146,0.0,0
411,1946-04-01,84.133,0.0691,456.4223444882038,65.7,4.557110241198206,0.0,0
412,1946-05-01,12.552,0.0807,470.29823424700555,65.7,4.822036284391578,0.0,0
413,1946-06-01,12.552,0.1177,412.32819796261396,65.7,6.281507836471402,0.0,0
414,1946-07-01,0.0,0.1505,352.8986901261426,65.7,6.813471507383989,0.0,0
415,1946-08-01,0.0,0.1742,280.38521861875853,65.7,6.420667512643513,0.0,0
416,1946-09-01,0.0,0.1751,208.26455110611505,65.7,4.928675284161187,0.0,0
417,1946-10-01,0.0,0.1893,137.63587582195385,65.7,3.611461235274194,0.0,0
418,1946-11-01,0.0,0.1719,68.32441458667967,65.7,1.5930986599376709,0.0,0
419,1946-12-01,0.0,0.1702,1.0313159267419962,1.0018241691337295,0.029491757608266805,0.0,1
420,1947-01-01,10.387,0.1291,0.0,10.2303453115428,0.15665468845719976,0.0,1
421,1947-02-01,439.34,0.0909,0.0,65.7,4.99953582469118,0.0,0
422,1947-03-01,702.94,0.0716,368.6404641753088,65.7,8.51693887871103,0.0,0
423,1947-04-01,2080.6,0.0691,997.3635252965979,65.7,20.176035529120128,1052.0874897674776,0
424,1947-05-01,10.324,0.0807,1940.0,65.7,15.99394547947809,0.0,0
425,1947-06-01,0.0,0.1177,1868.6300545205222,65.7,22.475183410379746,0.0,0
426,1947-07-01,0.0,0.1505,1780.4548711101424,65.7,27.560481239830825,0.0,0
427,1947-08-01,0.0,0.1742,1687.1943898703116,65.7,30.45620194871662,0.0,0
428,1947-09-01,0.0,0.1751,1591.038187921595,65.7,29.120253513635433,0.0,0
429,1947-10-01,39.54,0.1893,1496.2179344079595,65.7,30.537199689613125,0.0,0
430,1947-11-01,73.118,0.1719,1439.5207347183464,65.7,27.384887813531886,0.0,0
431,1947-12-01,778.25,0.1702,1419.5538469048145,65.7,37.26422710369343,154.839619801121,0
432,1948-01-01,0.0,0.1291,1940.0,65.7,25.444174397862355,0.0,0
433,1948-02-01,0.0,0.0909,1848.8558256021377,65.7,17.211451720286014,0.0,0
434,1948-03-01,611.93,0.0716,1765.9443738818516,65.7,16.795814860923514,355.37855902092815,0
435,1948-04-01,80.963,0.0691,1940.0,65.7,14.118983586954021,1.1440164130460744,0
436,1948-05-01,60.66,0.0807,1940.0,65.7,16.344157478912116,0.0,0
437,1948-06-01,1.255,0.1177,1918.615842521088,65.7,22.99827546551777,0.0,0
438,1948-07-01,0.0,0.1505,1831.1725670555707,65.7,28.22716297508343,0.0,0
439,1948-08-01,0.0,0.1742,1737.2454040804873,65.7,31.223847428840322,0.0,0
440,1948-09-01,0.0,0.1751,1640.3215566516471,65.7,29.88703689110587,0.0,0
441,1948-10-01,0.0,0.1893,1544.7345197605414,65.7,30.689297891002393,0.0,0
442,1948-11-01,0.0,0.1719,1448.345221869539,65.7,26.38908138252586,0.0,0
443,1948-12-01,0.0,0.1702,1356.2561404870132,65.7,24.704636826086436,0.0,0
444,1949-01-01,0.0,0.1291,1265.851503660927,65.7,17.68393899009841,0.0,0
445,1949-02-01,10.764,0.0909,1182.4675646708288,65.7,11.849041353082177,0.0,0
446,1949-03-01,70.294,0.0716,1115.6825233177465,65.7,9.288971421686494,0.0,0
447,1949-04-01,237.24,0.0691,1110.9875518960603,65.7,10.002740266065281,0.0,0
448,1949-05-01,23.097,0.0807,1272.5248116299952,65.7,11.288663596834077,0.0,0
449,1949-06-01,0.417,0.1177,1218.6331480331612,65.7,15.615859149361071,0.0,0
450,1949-07-01,0.0,0.1505,1137.7342888838002,65.7,18.80820060569797,0.0,0
451,1949-08-01,0.0,0.1742,1053.2260882781022,65.7,20.36619009155211,0.0,0
452,1949-09-01,0.0,0.1751,967.1598981865501,65.7,19.028046924686848,0.0,0
453,1949-10-01,0.0,0.1893,882.4318512618632,65.7,19.006870268155843,0.0,0
454,1949-11-01,0.0,0.1719,797.7249809937074,65.7,15.831389321808448,0.0,0
455,1949-12-01,0.0,0.1702,716.193591671899,65.7,14.283935919391197,0.0,0
456,1950-01-01,0.537,0.1291,636.2096557525077,65.7,9.798080770313714,0.0,0
457,1950-02-01,2.027,0.0909,561.2485749821941,65.7,6.209489271854662,0.0,0
458,1950-03-01,56.8,0.0716,491.36608571033946,65.7,4.779403011240098,0.0,0
459,1950-04-01,1409.0,0.0691,477.68668269909926,65.7,13.317458276404505,0.0,0
460,1950-05-01,160.67,0.0807,1807.669224422695,65.7,16.11944884300356,0.0,0
461,1950-06-01,13.337,0.1177,1886.5197755796914,65.7,22.794228142691452,0.0,0
462,1950-07-01,0.0,0.1505,1811.362547437,65.7,27.967113734955678,0.0,0
463,1950-08-01,0.0,0.1742,1717.6954337020445,65.7,30.924426932517978,0.0,0
464,1950-09-01,0.0,0.1751,1621.0710067695265,65.7,29.58796466762813,0.0,0
465,1950-10-01,0.0,0.1893,1525.7830421018984,65.7,30.368020859376678,0.0,0
466,1950-11-01,0.0,0.1719,1429.7150212425217,65.7,26.099229029302414,0.0,0
467,1950-12-01,0.0,0.1702,1337.9157922132192,65.7,24.419130011887933,0.0,0
468,1951-01-01,0.0,0.1291,1247.7966622013314,65.7,17.468218659842236,0.0,0
469,1951-02-01,0.0,0.0909,1164.6284435414893,65.7,11.605772287063674,0.0,0
470,1951-03-01,0.0,0.0716,1087.3226712544258,65.7,8.623931072505947,0.0,0
471,1951-04-01,92.574,0.0691,1012.99874018192,65.7,8.442732562432358,0.0,0
472,1951-05-01,0.687,0.0807,1031.4300076194875,65.7,9.293778231407217,0.0,0
473,1951-06-01,0.0,0.1177,957.1232293880802,65.7,12.694466702275763,0.0,0
474,1951-07-01,0.0,0.1505,878.7287626858043,65.7,15.07130420887777,0.0,0
475,1951-08-01,0.0,0.1742,797.9574584769265,65.7,16.04629212057481,0.0,0
476,1951-09-01,0.0,0.1751,716.2111663563517,65.7,14.69359475812962,0.0,0
477,1951-10-01,0.0,0.1893,635.817571598222,65.7,14.325766729329072,0.0,0
478,1951-11-01,0.0,0.1719,555.7918048688929,65.7,11.58132036693328,0.0,0
479,1951-12-01,0.0,0.1702,478.5104845019596,65.7,10.064610462764655,0.0,0
480,1952-01-01,23.756,0.1291,402.7458740391949,65.7,6.9107058141320135,0.0,0
481,1952-02-01,27.961,0.0909,353.8911682250629,65.7,4.419902441497804,0.0,0
482,1952-03-01,13.714,0.0716,311.7322657835651,65.7,3.0241071542043274,0.0,0
483,1952-04-01,63.704,0.0691,256.72215862936076,65.7,2.878693835671685,0.0,0
484,1952-05-01,2.784,0.0807,251.8474647936891,65.7,2.7357034127105346,0.0,0
485,1952-06-01,0.0,0.1177,186.19576138097855,65.7,2.9938747137263615,0.0,0
486,1952-07-01,0.0,0.1505,117.50188666725222,65.7,2.4652801715359605,0.0,0
487,1952-08-01,0.0,0.1742,49.33660649571626,48.25145491627834,1.0851515794379198,0.0,1
488,1952-09-01,0.0,0.1751,0.0,0.0,0.0,0.0,1
489,1952-10-01,0.0,0.1893,0.0,0.0,0.0,0.0,1
490,1952-11-01,0.0,0.1719,0.0,0.0,0.0,0.0,1
491,1952-12-01,11.548,0.1702,0.0,11.322184716670337,0.22581528332966222,0.0,1
492,1953-01-01,0.0,0.1291,0.0,0.0,0.0,0.0,1
493,1953-02-01,0.0,0.0909,0.0,0.0,0.0,0.0,1
494,1953-03-01,14.027,0.0716,0.0,13.915088007297868,0.11191199270213148,0.0,1
495,1953-04-01,103.24,0.0691,0.0,65.7,0.9982524574877196,0.0,0
496,1953-05-01,0.568,0.0807,36.541747542512276,36.77983345820897,0.329914084303308,0.0,1
497,1953-06-01,0.0,0.1177,0.0,0.0,0.0,0.0,1
498,1953-07-01,0.0,0.1505,0.0,0.0,0.0,0.0,1
499,1953-08-01,0.0,0.1742,0.0,0.0,0.0,0.0,1
500,1953-09-01,0.0,0.1751,0.0,0.0,0.0,0.0,1
501,1953-10-01,0.0,0.1893,0.0,0.0,0.0,0.0,1
502,1953-11-01,0.0,0.1719,0.0,0.0,0.0,0.0,1
503,1953-12-01,0.0,0.1702,0.0,0.0,0.0,0.0,1
504,1954-01-01,0.0,0.1291,0.0,0.0,0.0,0.0,1
505,1954-02-01,7.375,0.0909,0.0,7.29234806075286,0.08265193924713957,0.0,1
506,1954-03-01,41.737,0.0716,0.0,41.3823536416012,0.3546463583988043,0.0,1
507,1954-04-01,29.216,0.0691,0.0,29.015570371898033,0.2004296281019668,0.0,1
508,1954-05-01,0.81,0.0807,0.0,0.7985918975857094,0.011408102414290645,0.0,1
509,1954-06-01,0.0,0.1177,0.0,0.0,0.0,0.0,1
510,1954-07-01,0.0,0.1505,0.0,0.0,0.0,0.0,1
511,1954-08-01,0.0,0.1742,0.0,0.0,0.0,0.0,1
512,1954-09-01,0.0,0.1751,0.0,0.0,0.0,0.0,1
513,1954-10-01,0.0,0.1893,0.0,0.0,0.0,0.0,1
514,1954-11-01,0.0,0.1719,0.0,0.0,0.0,0.0,1
515,1954-12-01,2.307,0.1702,0.0,2.248877609668454,0.058122390331545926,0.0,1
516,1955-01-01,7.28,0.1291,0.0,7.163889723752447,0.11611027624755371,0.0,1
517,1955-02-01,67.47,0.0909,0.0,65.7,0.8340043352806841,0.0,0
518,1955-03-01,379.71,0.0716,0.9359956647193144,65.7,3.4737456678872385,0.0,0
519,1955-04-01,284.63,0.0691,311.47224999683203,65.7,4.961055489103712,0.0,0
520,1955-05-01,6.653,0.0807,525.4411945077283,65.7,5.247913344778559,0.0,0
521,1955-06-01,0.0,0.1177,461.1462811629497,65.7,6.748798819136814,0.0,0
522,1955-07-01,0.0,0.1505,388.69748234381285,65.7,7.420311977151828,0.0,0
523,1955-08-01,0.0,0.1742,315.577170366661,65.7,7.1362536031616575,0.0,0
524,1955-09-01,0.0,0.1751,242.7409167634993,65.7,5.667243190219304,0.0,0
525,1955-10-01,0.0,0.1893,171.37367357328003,65.7,4.4459105792126685,0.0,0
526,1955-11-01,0.0,0.1719,101.22776299406735,65.7,2.423705924371692,0.0,0
527,1955-12-01,0.0,0.1702,33.10405706969565,32.55556944642084,0.5484876232748125,0.0,1
528,1956-01-01,0.0,0.1291,0.0,0.0,0.0,0.0,1
529,1956-02-01,345.19,0.0909,0.0,65.7,4.042801768610143,0.0,0
530,1956-03-01,258.58,0.0716,275.4471982313898,65.7,4.672025002778666,0.0,0
531,1956-04-01,508.38,0.0691,463.65517322861103,65.7,7.561292530777338,0.0,0
532,1956-05-01,66.842,0.0807,898.7738806978336,65.7,8.778081076573066,0.0,0
533,1956-06-01,0.0,0.1177,891.1377996212606,65.7,11.939369941098239,0.0,0
534,1956-07-01,0.0,0.1505,813.4984296801623,65.7,14.10389033492724,0.0,0
535,1956-08-01,0.0,0.1742,733.6945393452351,65.7,14.925905689820727,0.0,0
536,1956-09-01,0.0,0.1751,653.0686336554143,65.7,13.566972203933316,0.0,0
537,1956-10-01,3.609,0.1893,573.8016614514809,65.7,13.17729349252108,0.0,0
538,1956-11-01,0.0,0.1719,498.53336795895973,65.7,10.535043363406757,0.0,0
539,1956-12-01,0.0,0.1702,422.2983245955529,65.7,9.021192634783965,0.0,0
540,1957-01-01,0.0,0.1291,347.5771319607689,65.7,5.7702623256344845,0.0,0
541,1957-02-01,32.95,0.0909,276.10686963513433,65.7,3.6645934183588116,0.0,0
542,1957-03-01,244.77,0.0716,239.69227621677553,65.7,4.2918493726932425,0.0,0
543,1957-04-01,721.77,0.0691,414.4704268440823,65.7,8.642692867375612,0.0,0
544,1957-05-01,13.211,0.0807,1061.8977339767068,65.7,9.624330543889847,0.0,0
545,1957-06-01,0.0,0.1177,999.7844034328169,65.7,13.17820678866752,0.0,0
546,1957-07-01,0.0,0.1505,920.9061966441493,65.7,15.69068068520373,0.0,0
547,1957-08-01,0.0,0.1742,839.5155159589456,65.7,16.76309302577168,0.0,0
548,1957-09-01,0.0,0.1751,757.0524229331738,65.7,15.413757459996013,0.0,0
549,1957-10-01,0.0,0.1893,675.9386654731777,65.7,15.104784660327027,0.0,0
550,1957-11-01,0.0,0.1719,595.1338808128506,65.7,12.290046855393246,0.0,0
551,1957-12-01,0.0,0.1702,517.1438339574573,65.7,10.77008710211081,0.0,0
552,1958-01-01,0.0,0.1291,440.6737468553465,65.7,7.1116430458492434,0.0,0
553,1958-02-01,0.0,0.0909,367.8621038094973,65.7,4.27673994753383,0.0,0
554,1958-03-01,11.611,0.0716,297.8853638619634,65.7,2.8919015686827794,0.0,0
555,1958-04-01,0.0,0.0691,240.9044622932806,65.7,2.2288686390324624,0.0,0
556,1958-05-01,0.0,0.0807,172.97559365424814,65.7,1.9193389381815114,0.0,0
557,1958-06-01,0.0,0.1177,105.35625471606662,65.7,1.731898465375567,0.0,0
558,1958-07-01,0.0,0.1505,37.92435625069104,37.289728007557144,0.6346282431338996,0.0,1
559,1958-08-01,0.0,0.1742,0.0,0.0,0.0,0.0,1
560,1958-09-01,0.0,0.1751,0.0,0.0,0.0,0.0,1
561,1958-10-01,0.0,0.1893,0.0,0.0,0.0,0.0,1
562,1958-11-01,0.0,0.1719,0.0,0.0,0.0,0.0,1
563,1958-12-01,0.0,0.1702,0.0,0.0,0.0,0.0,1
564,1959-01-01,22.657,0.1291,0.0,22.354751314564496,0.3022486854355058,0.0,1
565,1959-02-01,63.704,0.0909,0.0,62.923230334443716,0.7807696655562875,0.0,1
566,1959-03-01,130.55,0.0716,0.0,65.7,1.3039900297762874,0.0,0
567,1959-04-01,39.54,0.0691,63.546009970223714,65.7,0.9967498738762088,0.0,0
568,1959-05-01,0.0,0.0807,36.38926009634749,36.07075344763553,0.3185066487119639,0.0,1
569,1959-06-01,0.0,0.1177,0.0,0.0,0.0,0.0,1
570,1959-07-01,0.0,0.1505,0.0,0.0,0.0,0.0,1
571,1959-08-01,0.0,0.1742,0.0,0.0,0.0,0.0,1
572,1959-09-01,0.0,0.1751,0.0,0.0,0.0,0.0,1
573,1959-10-01,0.0,0.1893,0.0,0.0,0.0,0.0,1
574,1959-11-01,0.0,0.1719,0.0,0.0,0.0,0.0,1
575,1959-12-01,0.0,0.1702,0.0,0.0,0.0,0.0,1
576,1960-01-01,0.0,0.1291,0.0,0.0,0.0,0.0,1
577,1960-02-01,0.0,0.0909,0.0,0.0,0.0,0.0,1
578,1960-03-01,1879.4,0.0716,0.0,65.7,13.753188103909839,0.0,0
579,1960-04-01,615.73,0.0691,1799.9468118960904,65.7,16.428684315898867,393.5481275801917,0
580,1960-05-01,0.0,0.0807,1940.0,65.7,15.921940422064969,0.0,0
581,1960-06-01,0.0,0.1177,1858.3780595779351,65.7,22.370254726156467,0.0,0
582,1960-07-01,0.0,0.1505,1770.3078048517789,65.7,27.426739750522664,0.0,0
583,1960-08-01,0.0,0.1742,1677.1810651012563,65.7,30.302194847740086,0.0,0
584,1960-09-01,0.0,0.1751,1581.1788702535164,65.7,28.966406986032048,0.0,0
585,1960-10-01,0.0,0.1893,1486.5124632674845,65.7,29.700255640404844,0.0,0
586,1960-11-01,0.0,0.1719,1391.1122076270797,65.7,25.496718443855105,0.0,0
587,1960-12-01,0.0,0.1702,1299.9154891832247,65.7,23.82558178990771,0.0,0
588,1961-01-01,0.0,0.1291,1210.3899073933171,65.7,17.019688642094245,0.0,0
589,1961-02-01,119.56,0.0909,1127.670218751223,65.7,12.305791791798615,0.0,0
590,1961-03-01,292.16,0.0716,1169.2244269594246,65.7,11.101532603503781,0.0,0
591,1961-04-01,241.32,0.0691,1384.582894355921,65.7,11.734036762222546,0.0,0
592,1961-05-01,0.0,0.0807,1548.4688575936984,65.7,13.142494978136012,0.0,0
593,1961-06-01,0.0,0.1177,1469.6263626155626,65.7,18.31762591777171,0.0,0
594,1961-07-01,0.0,0.1505,1385.6087366977908,65.7,22.258276551086965,0.0,0
595,1961-08-01,0.0,0.1742,1297.6504601467038,65.7,24.34693742791054,0.0,0
596,1961-09-01,0.0,0.1751,1207.6035227187933,65.7,23.013400253623256,0.0,0
597,1961-10-01,0.0,0.1893,1118.89012246517,65.7,23.299559433647495,0.0,0
598,1961-11-01,0.0,0.1719,1029.8905630315226,65.7,19.71620731566963,0.0,0
599,1961-12-01,0.0,0.1702,944.4743557158529,65.7,18.12483053053719,0.0,0
600,1962-01-01,0.0,0.1291,860.6495251853157,65.7,12.706153996435432,0.0,0
601,1962-02-01,17.197,0.0909,782.2433711888802,65.7,8.404467859271794,0.0,0
602,1962-03-01,141.22,0.0716,725.3359033296085,65.7,7.098768221813938,0.0,0
603,1962-04-01,144.35,0.0691,793.7571351077945,65.7,7.334343016928877,0.0,0
604,1962-05-01,29.216,0.0807,865.0727920908656,65.7,8.218595414474404,0.0,0
605,1962-06-01,7.72,0.1177,820.3701966763912,65.7,11.209487359743896,0.0,0
606,1962-07-01,2.244,0.1505,751.1807093166473,65.7,13.201904974676287,0.0,0
607,1962-08-01,1.459,0.1742,674.522804341971,65.7,13.906229039760259,0.0,0
608,1962-09-01,1.431,0.1751,596.3755753022107,65.7,12.56650267896538,0.0,0
609,1962-10-01,1.61,0.1893,519.5400726232454,65.7,12.053129356215607,0.0,0
610,1962-11-01,1.651,0.1719,443.39694326702977,65.7,9.539930232283531,0.0,0
611,1962-12-01,0.0,0.1702,369.80801303474624,65.7,8.026141922313338,0.0,0
612,1963-01-01,0.0,0.1291,296.0818711124329,65.7,5.003254796766321,0.0,0
613,1963-02-01,177.62,0.0909,225.37861631566662,65.7,4.634676027578634,0.0,0
614,1963-03-01,712.35,0.0716,332.66394028808793,65.7,8.335807085174155,0.0,0
615,1963-04-01,192.68,0.0691,970.9781332029138,65.7,8.820734488405986,0.0,0
616,1963-05-01,21.151,0.0807,1089.137398714508,65.7,9.893248797651069,0.0,0
617,1963-06-01,6.433,0.1177,1034.695149916857,65.7,13.643871811058839,0.0,0
618,1963-07-01,3.358,0.1505,961.7842781057981,65.7,16.335437974231485,0.0,0
619,1963-08-01,0.0,0.1742,883.1068401315665,65.7,17.508889378735372,0.0,0
620,1963-09-01,0.0,0.1751,799.8979507528311,65.7,16.162596715061728,0.0,0
621,1963-10-01,0.0,0.1893,718.0353540377694,65.7,15.914210882300356,0.0,0
622,1963-11-01,0.0,0.1719,636.4211431554689,65.7,13.025728776291611,0.0,0
623,1963-12-01,60.879,0.1702,557.6954143791772,65.7,12.58359167634703,0.0,0
624,1964-01-01,51.779,0.1291,540.2908227028303,65.7,9.199455233665178,0.0,0
625,1964-02-01,97.282,0.0909,517.1703674691651,65.7,6.696030488116383,0.0,0
626,1964-03-01,495.82,0.0716,542.0563369810487,65.7,8.287017907932515,0.0,0
627,1964-04-01,1023.0,0.0691,963.8893190731162,65.7,13.916411598219963,0.0,0
628,1964-05-01,414.23,0.0807,1907.2729074748966,65.7,18.545257545828818,297.2576499290676,0
629,1964-06-01,306.25,0.1177,1940.0,65.7,26.280970960897417,214.2690290391024,0
630,1964-07-01,47.574,0.1505,1940.0,65.7,30.265072334930878,0.0,0
631,1964-08-01,37.03,0.1742,1891.6089276650694,65.7,34.128026675802964,0.0,0
632,1964-09-01,26.486,0.1751,1828.8109009892664,65.7,33.190734316892915,0.0,0
633,1964-10-01,19.299,0.1893,1756.4061666723737,65.7,34.557174757974934,0.0,0
634,1964-11-01,0.0,0.1719,1675.4479919143987,65.7,29.877336590655034,0.0,0
635,1964-12-01,0.0,0.1702,1579.8706553237437,65.7,28.139089993530206,0.0,0
636,1965-01-01,0.0,0.1291,1486.0315653302137,65.7,20.27757431342509,0.0,0
637,1965-02-01,2.134,0.0909,1400.0539910167888,65.7,13.59960092370495,0.0,0
638,1965-03-01,28.212,0.0716,1322.8883900930841,65.7,10.382873393017817,0.0,0
639,1965-04-01,643.31,0.0691,1275.0175167000664,65.7,13.507121511320227,0.0,0
640,1965-05-01,258.89,0.0807,1839.1203951887462,65.7,17.017553419406482,75.2928417693397,0
641,1965-06-01,20.963,0.1177,1940.0,65.7,23.416167368649305,0.0,0
642,1965-07-01,7.155,0.1505,1871.8468326313507,65.7,28.85320122473403,0.0,0
643,1965-08-01,2.121,0.1742,1784.4486314066169,65.7,31.976926049744485,0.0,0
644,1965-09-01,0.289,0.1751,1688.8927053568725,65.7,30.643639499143276,0.0,0
645,1965-10-01,0.759,0.1893,1592.8380658577294,65.7,31.514787546246637,0.0,0
646,1965-11-01,0.11,0.1719,1496.3822783114827,65.7,27.135446788567357,0.0,0
647,1965-12-01,0.0,0.1702,1403.6568315229154,65.7,25.439716337852285,0.0,0
648,1966-01-01,0.0,0.1291,1312.5171151850632,65.7,18.23925739098849,0.0,0
649,1966-02-01,332.64,0.0909,1228.5778577940748,65.7,14.903955614936011,0.0,0
650,1966-03-01,32.323,0.0716,1480.6139021791391,65.7,11.434483888504765,0.0,0
651,1966-04-01,28.149,0.0691,1435.8024182906347,65.7,10.730566921762922,0.0,0
652,1966-05-01,0.0,0.0807,1387.520851368872,65.7,11.96858028047837,0.0,0
653,1966-06-01,0.0,0.1177,1309.8522710883938,65.7,16.60426516332808,0.0,0
654,1966-07-01,0.0,0.1505,1227.5480059250658,65.7,20.070892811800366,0.0,0
655,1966-08-01,0.0,0.1742,1141.7771131132656,65.7,21.82376782298661,0.0,0
656,1966-09-01,0.0,0.1751,1054.253345290279,65.7,20.488068067100716,0.0,0
657,1966-10-01,0.0,0.1893,968.0652772231782,65.7,20.58044223183321,0.0,0
658,1966-11-01,0.0,0.1719,881.784834991345,65.7,17.25648190903423,0.0,0
659,1966-12-01,0.0,0.1702,798.8283530823106,65.7,15.69417888091393,0.0,0
660,1967-01-01,0.0,0.1291,717.4341742013967,65.7,10.862493303001933,0.0,0
661,1967-02-01,62.135,0.0909,640.8716808983947,65.7,7.522888705196463,0.0,0
662,1967-03-01,163.5,0.0716,629.7837921931982,65.7,6.5793535410449415,0.0,0
663,1967-04-01,815.91,0.0691,721.0044386521532,65.7,11.18472766276168,0.0,0
664,1967-05-01,354.61,0.0807,1460.0297109893916,65.7,15.042647858576164,0.0,0
665,1967-06-01,26.329,0.1177,1733.8970631308155,65.7,21.360941611800143,0.0,0
666,1967-07-01,5.649,0.1505,1673.1651215190154,65.7,26.21523716827168,0.0,0
667,1967-08-01,1.08,0.1742,1586.8988843507439,65.7,28.923692304037477,0.0,0
668,1967-09-01,0.304,0.1751,1493.3551920467064,65.7,27.593933401067357,0.0,0
669,1967-10-01,0.122,0.1893,1400.3652586456394,65.7,28.227542764929233,0.0,0
670,1967-11-01,0.113,0.1719,1306.5597158807102,65.7,24.169393623254713,0.0,0
671,1967-12-01,0.141,0.1702,1216.8033222574556,65.7,22.519868447439524,0.0,0
672,1968-01-01,2.784,0.1291,1128.7244538100163,65.7,16.066499999037976,0.0,0
673,1968-02-01,4.895,0.0909,1049.7419538109784,65.7,10.661151330916354,0.0,0
674,1968-03-01,596.24,0.0716,978.2758024800621,65.7,11.829840105811156,0.0,0
675,1968-04-01,139.02,0.0691,1496.9859623742511,65.7,11.796094864530357,0.0,0
676,1968-05-01,187.97,0.0807,1558.5098675097208,65.7,14.560549281495517,0.0,0
677,1968-06-01,22.281,0.1177,1666.2193182282256,65.7,20.617738157433614,0.0,0
678,1968-07-01,8.63,0.1505,1602.182580070792,65.7,25.308028801120326,0.0,0
679,1968-08-01,2.589,0.1742,1519.804551269672,65.7,27.90233424002824,0.0,0
680,1968-09-01,0.772,0.1751,1428.7912170296438,65.7,26.58070419028784,0.0,0
681,1968-10-01,0.581,0.1893,1337.282512839356,65.7,27.146433727387624,0.0,0
682,1968-11-01,0.37,0.1719,1245.0170791119683,65.7,23.19750567213729,0.0,0
683,1968-12-01,0.217,0.1702,1156.489573439831,65.7,21.563050640241926,0.0,0
684,1969-01-01,58.683,0.1291,1069.4435227995893,65.7,16.02540140982603,0.0,0
685,1969-02-01,27.647,0.0909,1046.4011213897634,65.7,10.828956382812098,0.0,0
686,1969-03-01,342.06,0.0716,997.5191650069513,65.7,10.307269013626088,0.0,0
687,1969-04-01,429.92,0.0691,1263.5718959933254,65.7,12.14805764667296,0.0,0
688,1969-05-01,93.516,0.0807,1615.6438383466525,65.7,14.295322655473386,0.0,0
689,1969-06-01,28.933,0.1177,1629.1645156911793,65.7,20.30121050960026,0.0,0
690,1969-07-01,4.425,0.1505,1572.096305181579,65.7,24.848256438938883,0.0,0
691,1969-08-01,1.089,0.1742,1485.9730487426402,65.7,27.349237905875626,0.0,0
692,1969-09-01,0.474,0.1751,1394.0128108367646,65.7,26.023176780657796,0.0,0
693,1969-10-01,0.279,0.1893,1302.7636340561069,65.7,26.541839669605924,0.0,0
694,1969-11-01,0.151,0.1719,1210.8007943865011,65.7,22.648097322649093,0.0,0
695,1969-12-01,0.138,0.1702,1122.6036970638522,65.7,21.020071032748923,0.0,0
696,1970-01-01,6.778,0.1291,1036.0216260311033,65.7,14.981784808141242,0.0,0
697,1970-02-01,1.867,0.0909,962.117841222962,65.7,9.870766546684706,0.0,0
698,1970-03-01,145.61,0.0716,888.4140746762772,65.7,8.260663471170025,0.0,0
699,1970-04-01,5.994,0.0691,960.0634112051072,65.7,7.52139958901069,0.0,0
700,1970-05-01,1.371,0.0807,892.8360116160965,65.7,8.21794993093431,0.0,0
701,1970-06-01,0.254,0.1177,820.2890616851622,65.7,11.121531394330066,0.0,0
702,1970-07-01,0.173,0.1505,743.7215302908321,65.7,13.057772479046374,0.0,0
703,1970-08-01,0.169,0.1742,665.1367578117856,65.7,13.716098844790364,0.0,0
704,1970-09-01,0.138,0.1751,585.8896589669952,65.7,12.351365614670648,0.0,0
705,1970-10-01,0.104,0.1893,507.97629335232455,65.7,11.789226384100136,0.0,0
706,1970-11-01,0.0,0.1719,430.59106696822437,65.7,9.267686077367166,0.0,0
707,1970-12-01,0.0,0.1702,355.62338089085716,65.7,7.753368961923111,0.0,0
708,1971-01-01,7.186,0.1291,282.17001192893406,65.7,4.901503229714381,0.0,0
709,1971-02-01,41.737,0.0909,218.75450869921966,65.7,3.1442981361386244,0.0,0
710,1971-03-01,22.155,0.0716,191.64721056308102,65.7,2.071666597225251,0.0,0
711,1971-04-01,68.725,0.0691,146.03054396585577,65.7,2.007649626001746,0.0,0
712,1971-05-01,33.264,0.0807,147.04789433985403,65.7,1.995052329889638,0.0,0
713,1971-06-01,1.817,0.1177,112.61684200996442,65.7,1.8807650432962624,0.0,0
714,1971-07-01,0.37,0.1505,46.85307696666815,46.33795466732377,0.8851222993443678,0.0,1
715,1971-08-01,0.141,0.1742,0.0,0.13535607648602324,0.005643923513976752,0.0,1
716,1971-09-01,0.028,0.1751,0.0,0.026547163578133096,0.0014528364218669048,0.0,1
717,1971-10-01,0.009,0.1893,0.0,0.008396442763012772,0.0006035572369872285,0.0,1
718,1971-11-01,0.003,0.1719,0.0,0.0027828347772579512,0.00021716522274204894,0.0,1
719,1971-12-01,0.0,0.1702,0.0,0.0,0.0,0.0,1
720,1972-01-01,15.471,0.1291,0.0,15.251846568732768,0.21915343126723286,0.0,1
721,1972-02-01,2.787,0.0909,0.0,2.750598301538229,0.03640169846177063,0.0,1
722,1972-03-01,3.546,0.0716,0.0,3.5108751041399335,0.03512489586006637,0.0,1
723,1972-04-01,0.37,0.0691,0.0,0.36495253803191485,0.005047461968085151,0.0,1
724,1972-05-01,0.006,0.0807,0.0,0.005817166649560893,0.00018283335043910677,0.0,1
725,1972-06-01,0.006,0.1177,0.0,0.005733339710697858,0.00026666028930214214,0.0,1
726,1972-07-01,0.0,0.1505,0.0,0.0,0.0,0.0,1
727,1972-08-01,0.0,0.1742,0.0,0.0,0.0,0.0,1
728,1972-09-01,0.0,0.1751,0.0,0.0,0.0,0.0,1
729,1972-10-01,0.0,0.1893,0.0,0.0,0.0,0.0,1
730,1972-11-01,0.0,0.1719,0.0,0.0,0.0,0.0,1
731,1972-12-01,0.0,0.1702,0.0,0.0,0.0,0.0,1
732,1973-01-01,28.902,0.1291,0.0,28.530930202929795,0.3710697970702052,0.0,1
733,1973-02-01,9.32,0.0909,0.0,9.219326948004378,0.10067305199562189,0.0,1
734,1973-03-01,35.461,0.0716,0.0,35.191512156966326,0.26948784303367557,0.0,1
735,1973-04-01,693.52,0.0691,0.0,65.7,5.655252126494014,0.0,0
736,1973-05-01,177.62,0.0807,622.1647478735059,65.7,7.466103289744332,0.0,0
737,1973-06-01,22.343,0.1177,726.6186445837615,65.7,10.280645891635055,0.0,0
738,1973-07-01,14.781,0.1505,672.9809986921264,65.7,12.202659304390208,0.0,0
739,1973-08-01,5.931,0.1742,609.8593393877361,65.7,12.827694638430074,0.0,0
740,1973-09-01,0.872,0.1751,537.262644749306,65.7,11.469230584364645,0.0,0
741,1973-10-01,0.157,0.1893,460.9654141649413,65.7,10.831698639637668,0.0,0
742,1973-11-01,0.044,0.1719,384.59071552530355,65.7,8.392003620485578,0.0,0
743,1973-12-01,0.053,0.1702,310.5427119048179,65.7,6.875097702999625,0.0,0
744,1974-01-01,50.524,0.1291,238.0206142018183,65.7,4.889201526153809,0.0,0
745,1974-02-01,533.48,0.0909,217.95541267566443,65.7,7.967889558407807,0.0,0
746,1974-03-01,1685.2,0.0716,677.7675231172566,65.7,16.706399785895883,340.56112333136116,0
747,1974-04-01,3417.4,0.0691,1940.0,65.7,32.25110818299153,3319.448891817008,0
748,1974-05-01,690.39,0.0807,1940.0,65.7,20.619106270670883,604.0708937293289,0
749,1974-06-01,139.02,0.1177,1940.0,65.7,24.609173964582887,48.710826035417085,0
750,1974-07-01,11.705,0.1505,1940.0,65.7,29.8000156347067,0.0,0
751,1974-08-01,3.672,0.1742,1856.2049843652935,65.7,33.09013870088195,0.0,0
752,1974-09-01,1.274,0.1751,1761.0868456644116,65.7,31.770388008622042,0.0,0
753,1974-10-01,0.304,0.1893,1664.8904576557895,65.7,32.717173618476046,0.0,0
754,1974-11-01,0.116,0.1719,1566.7772840373136,65.7,28.219986463728056,0.0,0
755,1974-12-01,0.122,0.1702,1472.9732975735858,65.7,26.50949840153452,0.0,0
756,1975-01-01,5.147,0.1291,1380.8857991720515,65.7,19.10778817630738,0.0,0
757,1975-02-01,12.96,0.0909,1301.225010995744,65.7,12.867791155409112,0.0,0
758,1975-03-01,495.82,0.0716,1235.6172198403349,65.7,12.826503045887835,0.0,0
759,1975-04-01,181.7,0.0691,1652.9107167944471,65.7,13.004197426291128,0.0,0
760,1975-05-01,173.54,0.0807,1755.9065193681563,65.7,15.848272051152662,0.0,0
761,1975-06-01,36.716,0.1177,1847.8982473170036,65.7,22.638599217440493,0.0,0
762,1975-07-01,24.571,0.1505,1796.275648099563,65.7,28.091668913364423,0.0,0
763,1975-08-01,7.029,0.1742,1727.0549791861986,65.7,31.175464475340824,0.0,0
764,1975-09-01,2.849,0.1751,1637.2085147108578,65.7,29.88293857065159,0.0,0
765,1975-10-01,1.378,0.1893,1544.4745761402062,65.7,30.708232279244594,0.0,0
766,1975-11-01,1.014,0.1719,1449.4443438609617,65.7,26.421920267075635,0.0,0
767,1975-12-01,1.249,0.1702,1358.336423593886,65.7,24.756398284002575,0.0,0
768,1976-01-01,1.387,0.1291,1269.1290253098834,65.7,17.739591180819218,0.0,0
769,1976-02-01,190.17,0.0909,1187.0764341290642,65.7,13.392955171718668,0.0,0
770,1976-03-01,492.68,0.0716,1298.1534789573457,65.7,13.199951591327308,0.0,0
771,1976-04-01,141.53,0.0691,1711.9335273660186,65.7,13.117766529875926,0.0,0
772,1976-05-01,13.651,0.0807,1774.6457608361427,65.7,14.85666905693409,0.0,0
773,1976-06-01,5.429,0.1177,1707.7400917792088,65.7,20.87390394578475,0.0,0
774,1976-07-01,1.801,0.1505,1626.5951878334242,65.7,25.543183866417024,0.0,0
775,1976-08-01,1.302,0.1742,1537.1530039670072,65.7,28.15309280285028,0.0,0
776,1976-09-01,0.876,0.1751,1444.601911164157,65.7,26.832944456041588,0.0,0
777,1976-10-01,0.879,0.1893,1352.9449667081153,65.7,27.42271668970178,0.0,0
778,1976-11-01,0.763,0.1719,1260.7012500184135,65.7,23.453183844525768,0.0,0
779,1976-12-01,0.898,0.1702,1172.3110661738879,65.7,21.825948522840136,0.0,0
780,1977-01-01,8.096,0.1291,1085.6831176510477,65.7,15.606873415585152,0.0,0
781,1977-02-01,63.704,0.0909,1012.4722442354627,65.7,10.847323934322421,0.0,0
782,1977-03-01,364.02,0.0716,999.6289203011403,65.7,10.465102553034738,0.0,0
783,1977-04-01,461.3,0.0691,1287.4838177481054,65.7,12.484802024367465,0.0,0
784,1977-05-01,223.75,0.0807,1670.599015723738,65.7,15.602812767630844,0.0,0
785,1977-06-01,31.381,0.1177,1813.0462029561072,65.7,22.22732087888148,0.0,0
786,1977-07-01,10.387,0.1505,1756.499882077226,65.7,27.38162358149308,0.0,0
787,1977-08-01,3.577,0.1742,1673.805258495733,65.7,30.30529067696893,0.0,0
788,1977-09-01,1.494,0.1751,1581.3769678187641,65.7,28.992821558279147,0.0,0
789,1977-10-01,0.844,0.1893,1488.178146260485,65.7,29.7430137670522,0.0,0
790,1977-11-01,0.624,0.1719,1393.579132493433,65.7,25.545058267558595,0.0,0
791,1977-12-01,0.433,0.1702,1302.9580742258745,65.7,23.87998231927847,0.0,0
792,1978-01-01,46.13,0.1291,1213.8110919065962,65.7,17.613375258493587,0.0,0
793,1978-02-01,75.001,0.0909,1176.627716648103,65.7,12.34285633247783,0.0,0
794,1978-03-01,87.867,0.0716,1173.585860315625,65.7,9.791803716592218,0.0,0
795,1978-04-01,47.386,0.0691,1185.9610565990329,65.7,9.270308028639107,0.0,0
796,1978-05-01,135.88,0.0807,1158.3767485703938,65.7,11.278507510771679,0.0,0
797,1978-06-01,16.004,0.1177,1217.2782410596224,65.7,15.771533132780124,0.0,0
798,1978-07-01,9.32,0.1505,1151.810707926842,65.7,19.13861209677284,0.0,0
799,1978-08-01,3.452,0.1742,1076.2920958300692,65.7,20.804662558299498,0.0,0
800,1978-09-01,0.719,0.1751,993.2394332717698,65.7,19.47944507157093,0.0,0
801,1978-10-01,0.728,0.1893,908.7789882001989,65.7,19.50692602351114,0.0,0
802,1978-11-01,0.515,0.1719,824.3000621766878,65.7,16.293167625968707,0.0,0
803,1978-12-01,0.593,0.1702,742.821894550719,65.7,14.751241177724625,0.0,0
804,1979-01-01,15.565,0.1291,662.9636533729943,65.7,10.351808458710632,0.0,0
805,1979-02-01,7.908,0.0909,602.4768449142837,65.7,6.657606955580331,0.0,0
806,1979-03-01,14.812,0.0716,538.0272379587034,65.7,4.814794113124316,0.0,0
807,1979-04-01,9.101,0.0691,482.32444384557914,65.7,4.194187856325776,0.0,0
808,1979-05-01,72.491,0.0807,421.53125598925334,65.7,4.9192511536385775,0.0,0
809,1979-06-01,2.827,0.1177,423.40300483561475,65.7,6.299013895960187,0.0,0
810,1979-07-01,0.135,0.1505,354.23099093965453,65.7,6.838537415224254,0.0,0
811,1979-08-01,0.044,0.1742,281.82745352443027,65.7,6.45117986345944,0.0,0
812,1979-09-01,0.326,0.1751,209.72027366097083,65.7,4.967330454565142,0.0,0
813,1979-10-01,0.0,0.1893,139.3789432064057,65.7,3.6554097205832843,0.0,0
814,1979-11-01,0.0,0.1719,70.02353348582241,65.7,1.6378573285962221,0.0,0
815,1979-12-01,0.0,0.1702,2.6856761572261902,2.6196122184553605,0.06606393877082987,0.0,1
816,1980-01-01,22.845,0.1291,0.0,22.540639322829072,0.3043606771709267,0.0,1
817,1980-02-01,306.28,0.0909,0.0,65.7,3.6352329806552426,0.0,0
818,1980-03-01,228.46,0.0716,236.94476701934477,65.7,4.144013688351617,0.0,0
819,1980-04-01,25.011,0.0691,395.5607533309931,65.7,3.6600824964421657,0.0,0
820,1980-05-01,11.234,0.0807,351.21167083455094,65.7,3.7485614412778854,0.0,0
821,1980-06-01,0.901,0.1177,292.997109393273,65.7,4.532984919914168,0.0,0
822,1980-07-01,0.464,0.1505,223.66512447335882,65.7,4.534142633382531,0.0,0
823,1980-08-01,0.213,0.1742,153.89498183997628,65.7,3.7041289717769303,0.0,0
824,1980-09-01,0.0,0.1751,84.70385286819933,65.7,2.0523520696022275,0.0,0
825,1980-10-01,0.0,0.1893,16.951500798597102,16.604430195512094,0.3470706030850075,0.0,1
826,1980-11-01,0.0,0.1719,0.0,0.0,0.0,0.0,1
827,1980-12-01,0.0,0.1702,0.0,0.0,0.0,0.0,1
828,1981-01-01,2.043,0.1291,0.0,2.0032044108995257,0.039795589100474316,0.0,1
829,1981-02-01,3.609,0.0909,0.0,3.563740397409775,0.04525960259022505,0.0,1
830,1981-03-01,712.35,0.0716,0.0,65.7,5.99655701697464,0.0,0
831,1981-04-01,724.9,0.0691,640.6534429830253,65.7,10.112322124075742,0.0,0
832,1981-05-01,4.801,0.0807,1289.7411208589497,65.7,11.280630825020918,0.0,0
833,1981-06-01,0.0,0.1177,1217.5614900339287,65.7,15.599559197510866,0.0,0
834,1981-07-01,0.0,0.1505,1136.2619308364178,65.7,18.787371532532717,0.0,0
835,1981-08-01,0.0,0.1742,1051.774559303885,65.7,20.342138793685706,0.0,0
836,1981-09-01,0.0,0.1751,965.7324205101993,65.7,19.00394675035531,0.0,0
837,1981-10-01,0.0,0.1893,881.0284737598439,65.7,18.98088477609284,0.0,0
838,1981-11-01,0.0,0.1719,796.347588983751,65.7,15.807843801456848,0.0,0
839,1981-12-01,0.336,0.1702,714.8397451822942,65.7,14.26640794714705,0.0,0
840,1982-01-01,0.967,0.1291,635.2093372351471,65.7,9.790482733858878,0.0,0
841,1982-02-01,14.718,0.0909,560.6858545012882,65.7,6.325417818519824,0.0,0
842,1982-03-01,22.312,0.0716,503.3784366827683,65.7,4.608495555360033,0.0,0
843,1982-04-01,95.085,0.0691,455.3819411274083,65.7,4.629663724476141,0.0,0
844,1982-05-01,16.381,0.0807,480.1372774029321,65.7,4.940921478434582,0.0,0
845,1982-06-01,0.888,0.1177,425.8773559244975,65.7,6.305954515637637,0.0,0
846,1982-07-01,0.0,0.1505,354.75940140885984,65.7,6.845255135208316,0.0,0
847,1982-08-01,0.0,0.1742,282.2141462736515,65.7,6.458211510915731,0.0,0
848,1982-09-01,0.0,0.1751,210.0559347627358,65.7,4.967539902137963,0.0,0
849,1982-10-01,0.0,0.1893,139.38839486059786,65.7,3.6556477545027026,0.0,0
850,1982-11-01,0.0,0.1719,70.03274710609514,65.7,1.6380993425434838,0.0,0
851,1982-12-01,0.0,0.1702,2.6946477635516572,2.628397906516426,0.06624985703523115,0.0,1
852,1983-01-01,0.0,0.1291,0.0,0.0,0.0,0.0,1
853,1983-02-01,0.0,0.0909,0.0,0.0,0.0,0.0,1
854,1983-03-01,0.223,0.0716,0.0,0.2195864315802205,0.0034135684197795016,0.0,1
855,1983-04-01,1.227,0.0691,0.0,1.21313880659013,0.013861193409870078,0.0,1
856,1983-05-01,0.0,0.0807,0.0,0.0,0.0,0.0,1
857,1983-06-01,0.0,0.1177,0.0,0.0,0.0,0.0,1
858,1983-07-01,0.0,0.1505,0.0,0.0,0.0,0.0,1
859,1983-08-01,0.0,0.1742,0.0,0.0,0.0,0.0,1
860,1983-09-01,0.0,0.1751,0.0,0.0,0.0,0.0,1
861,1983-10-01,0.0,0.1893,0.0,0.0,0.0,0.0,1
862,1983-11-01,0.0,0.1719,0.0,0.0,0.0,0.0,1
863,1983-12-01,0.0,0.1702,0.0,0.0,0.0,0.0,1
864,1984-01-01,0.0,0.1291,0.0,0.0,0.0,0.0,1
865,1984-02-01,0.0,0.0909,0.0,0.0,0.0,0.0,1
866,1984-03-01,30.628,0.0716,0.0,30.411892546153435,0.21610745384656316,0.0,1
867,1984-04-01,602.52,0.0691,0.0,65.7,5.007323588620507,0.0,0
868,1984-05-01,85.671,0.0807,531.8126764113795,65.7,5.971690627521059,0.0,0
869,1984-06-01,13.368,0.1177,545.8119857838584,65.7,7.983573421124147,0.0,0
870,1984-07-01,1.833,0.1505,485.4964123627343,65.7,9.047783252783418,0.0,0
871,1984-08-01,0.072,0.1742,412.5816291099509,65.7,9.046656489251017,0.0,0
872,1984-09-01,0.0,0.1751,337.90697262069983,65.7,7.6223408851239265,0.0,0
873,1984-10-01,0.0,0.1893,264.5846317355759,65.7,6.619647119755475,0.0,0
874,1984-11-01,0.0,0.1719,192.26498461582042,65.7,4.495753687009119,0.0,0
875,1984-12-01,0.0,0.1702,122.0692309288113,65.7,2.8921538273313248,0.0,0
876,1985-01-01,41.737,0.1291,53.47707710147997,65.7,1.713069531006154,0.0,0
877,1985-02-01,662.14,0.0909,27.80100757047382,65.7,7.401997752857188,0.0,0
878,1985-03-01,906.92,0.0716,616.8390098176167,65.7,11.504147656750447,0.0,0
879,1985-04-01,3031.4,0.0691,1446.5548621608662,65.7,27.71310012553315,2444.541762035333,0
880,1985-05-01,1340.0,0.0807,1940.0,65.7,24.86130164815409,1249.4386983518457,0
881,1985-06-01,105.44,0.1177,1940.0,65.7,24.270954590495222,15.469045409505043,0
882,1985-07-01,40.796,0.1505,1940.0,65.7,30.177295193413787,0.0,0
883,1985-08-01,5.335,0.1742,1884.9187048065864,65.7,33.549378605366286,0.0,0
884,1985-09-01,1.569,0.1751,1791.0043262012202,65.7,32.23339883099811,0.0,0
885,1985-10-01,0.0,0.1893,1694.639927370222,65.7,33.20928015822961,0.0,0
886,1985-11-01,0.0,0.1719,1595.7306472119924,65.7,28.661985028369592,0.0,0
887,1985-12-01,0.0,0.1702,1501.3686621836227,65.7,26.942774207037644,0.0,0
888,1986-01-01,0.0,0.1291,1408.7258879765852,65.7,19.374395601792603,0.0,0
889,1986-02-01,0.0,0.0909,1323.6514923747925,65.7,12.946877604621996,0.0,0
890,1986-03-01,473.86,0.0716,1245.0046147701705,65.7,12.747195278618054,0.0,0
891,1986-04-01,966.54,0.0691,1640.4174194915527,65.7,17.5259979578108,583.7314215337419,0
892,1986-05-01,492.68,0.0807,1940.0,65.7,19.29644345350855,407.6835565464917,0
893,1986-06-01,112.97,0.1177,1940.0,65.7,24.34687307126098,22.923126928739066,0
894,1986-07-01,18.829,0.1505,1940.0,65.7,29.892488194494483,0.0,0
895,1986-08-01,10.983,0.1742,1863.2365118055054,65.7,33.307117976506746,0.0,0
896,1986-09-01,3.138,0.1751,1775.2123938289988,65.7,32.01558544932587,0.0,0
897,1986-10-01,4.707,0.1893,1680.634808379673,65.7,33.054033020488916,0.0,0
898,1986-11-01,1.883,0.1719,1586.5877753591842,65.7,28.550831023324292,0.0,0
899,1986-12-01,3.138,0.1702,1494.21994433586,65.7,26.881391194081505,0.0,0
900,1987-01-01,5.523,0.1291,1404.7765531417785,65.7,19.392858233979474,0.0,0
901,1987-02-01,12.552,0.0909,1325.2066949077991,65.7,13.064567702965327,0.0,0
902,1987-03-01,204.29,0.0716,1258.9941272048336,65.7,11.113834559732666,0.0,0
903,1987-04-01,480.13,0.0691,1386.470292645101,65.7,13.196793913238299,0.0,0
904,1987-05-01,40.168,0.0807,1787.7034987318627,65.7,15.13590126916983,0.0,0
905,1987-06-01,6.276,0.1177,1747.0355974626927,65.7,21.28950781878652,0.0,0
906,1987-07-01,1.569,0.1505,1666.3220896439066,65.7,26.069911705897752,0.0,0
907,1987-08-01,0.157,0.1742,1576.121177938009,65.7,28.74197551976714,0.0,0
908,1987-09-01,0.0,0.1751,1481.8362024182418,65.7,27.407563010232153,0.0,0
909,1987-10-01,0.0,0.1893,1388.7286394080097,65.7,28.025142363324402,0.0,0
910,1987-11-01,0.0,0.1719,1295.0034970446854,65.7,23.984907816539078,0.0,0
911,1987-12-01,0.0,0.1702,1205.3185892281465,65.7,22.335803108944887,0.0,0
912,1988-01-01,0.0,0.1291,1117.2827861192018,65.7,15.893491198350324,0.0,0
913,1988-02-01,0.0,0.0909,1035.6892949208516,65.7,10.496877131990159,0.0,0
914,1988-03-01,126.78,0.0716,959.4924177888613,65.7,8.616800739710234,0.0,0
915,1988-04-01,520.93,0.0691,1011.9556170491509,65.7,11.15974091514811,0.0,0
916,1988-05-01,144.04,0.0807,1456.0258761340028,65.7,13.514644066163715,0.0,0
917,1988-06-01,25.293,0.1177,1520.8512320678392,65.7,19.127544200339955,0.0,0
918,1988-07-01,6.276,0.1505,1461.3166878674992,65.7,23.377015492477838,0.0,0
919,1988-08-01,0.157,0.1742,1378.5156723750215,65.7,25.639166203675952,0.0,0
920,1988-09-01,0.0,0.1751,1287.3335061713456,65.7,24.30590425226697,0.0,0
921,1988-10-01,0.0,0.1893,1197.3276019190787,65.7,24.690204755401673,0.0,0
922,1988-11-01,0.0,0.1719,1106.9373971636771,65.7,20.973087101178006,0.0,0
923,1988-12-01,0.0,0.1702,1020.264310062499,65.7,19.365526249080133,0.0,0
924,1989-01-01,0.0,0.1291,935.1987838134189,65.7,13.645994108704603,0.0,0
925,1989-02-01,0.0,0.0909,855.8527897047143,65.7,8.912175306002636,0.0,0
926,1989-03-01,190.48,0.0716,781.2406143987115,65.7,7.832199263767256,0.0,0
927,1989-04-01,2108.8,0.0691,898.1884151349443,65.7,19.781056361616603,981.5073587733277,0
928,1989-05-01,941.43,0.0807,1940.0,65.7,22.276170026212263,853.4538299737878,0
929,1989-06-01,141.53,0.1177,1940.0,65.7,24.634419915151682,51.19558008484864,0
930,1989-07-01,46.444,0.1505,1940.0,65.7,30.25044178915629,0.0,0
931,1989-08-01,23.442,0.1742,1890.4935582108437,65.7,33.90659419613315,0.0,0
932,1989-09-01,3.138,0.1751,1814.3289640147107,65.7,32.61396932034846,0.0,0
933,1989-10-01,0.0,0.1893,1719.1529946943622,65.7,33.61792137695856,0.0,0
934,1989-11-01,0.0,0.1719,1619.8350733174038,65.7,29.030469254478962,0.0,0
935,1989-12-01,287.14,0.1702,1525.104604062925,65.7,31.627202002819814,0.0,0
936,1990-01-01,99.165,0.1291,1714.9174020601056,65.7,24.032444854502447,0.0,0
937,1990-02-01,27.396,0.0909,1724.3499572056032,65.7,16.439255476977372,0.0,0
938,1990-03-01,125.53,0.0716,1669.606701728626,65.7,13.226930663462545,0.0,0
939,1990-04-01,124.27,0.0691,1716.2097710651635,65.7,13.03957229064503,0.0,0
940,1990-05-01,50.21,0.0807,1761.7401987745184,65.7,15.023679873026362,0.0,0
941,1990-06-01,10.952,0.1177,1731.2265189014922,65.7,21.17439731098924,0.0,0
942,1990-07-01,5.147,0.1505,1655.3041215905032,65.7,25.970840319898663,0.0,0
943,1990-08-01,1.588,0.1742,1568.7802812706047,65.7,28.650111183756422,0.0,0
944,1990-09-01,0.019,0.1751,1476.0181700868484,65.7,27.31606446610448,0.0,0
945,1990-10-01,0.0,0.1893,1383.0211056207438,65.7,27.926800980062225,0.0,0
946,1990-11-01,0.0,0.1719,1289.3943046406816,65.7,23.89613477179249,0.0,0
947,1990-12-01,0.0,0.1702,1199.7981698688893,65.7,22.248301874552425,0.0,0
948,1991-01-01,6.872,0.1291,1111.849867994337,65.7,15.911008818054782,0.0,0
949,1991-02-01,5.586,0.0909,1037.1108591762825,65.7,10.557687421463488,0.0,0
950,1991-03-01,22.249,0.0716,966.439171754819,65.7,7.949309943956793,0.0,0
951,1991-04-01,128.66,0.0691,915.0388618108623,65.7,8.036569719843293,0.0,0
952,1991-05-01,45.189,0.0807,969.9622920910191,65.7,9.162732013489327,0.0,0
953,1991-06-01,17.762,0.1177,940.2885600775297,65.7,12.705017932635442,0.0,0
954,1991-07-01,0.781,0.1505,879.6455421448943,65.7,15.096326569747045,0.0,0
955,1991-08-01,0.0,0.1742,799.6302155751472,65.7,16.075257717875772,0.0,0
956,1991-09-01,0.0,0.1751,717.8549578572714,65.7,14.72270513281245,0.0,0
957,1991-10-01,0.0,0.1893,637.432252724459,65.7,14.357268251611199,0.0,0
958,1991-11-01,0.0,0.1719,557.3749844728477,65.7,11.609993648967782,0.0,0
959,1991-12-01,0.0,0.1702,480.06499082387995,65.7,10.093171237910198,0.0,0
960,1992-01-01,0.0,0.1291,404.2718195859697,65.7,6.593291481409828,0.0,0
961,1992-02-01,104.19,0.0909,331.97852810455987,65.7,4.967897415177431,0.0,0
962,1992-03-01,73.432,0.0716,365.50063068938243,65.7,3.9370048269666023,0.0,0
963,1992-04-01,112.66,0.0691,369.2956258624159,65.7,4.123570931875055,0.0,0
964,1992-05-01,3.264,0.0807,412.13205493054085,65.7,4.226880853199597,0.0,0
965,1992-06-01,0.0,0.1177,345.4691740773412,65.7,5.234256980988112,0.0,0
966,1992-07-01,0.0,0.1505,274.5349170963531,65.7,5.447246258825775,0.0,0
967,1992-08-01,0.0,0.1742,203.38767083752734,65.7,4.797937410436662,0.0,0
968,1992-09-01,0.0,0.1751,132.88973342709068,65.7,3.2311709136332145,0.0,0
969,1992-10-01,0.0,0.1893,63.95856251345746,62.33375690343065,1.6248056100268118,0.0,1
970,1992-11-01,0.0,0.1719,0.0,0.0,0.0,0.0,1
971,1992-12-01,0.0,0.1702,0.0,0.0,0.0,0.0,1
972,1993-01-01,0.0,0.1291,0.0,0.0,0.0,0.0,1
973,1993-02-01,0.0,0.0909,0.0,0.0,0.0,0.0,1
974,1993-03-01,6.025,0.0716,0.0,5.970094987205899,0.0549050127941018,0.0,1
975,1993-04-01,57.114,0.0691,0.0,56.59210962348827,0.521890376511732,0.0,1
976,1993-05-01,113.6,0.0807,0.0,65.7,1.282163518675583,0.0,0
977,1993-06-01,0.0,0.1177,46.61783648132441,45.93623267135213,0.6816038099722822,0.0,1
978,1993-07-01,0.0,0.1505,0.0,0.0,0.0,0.0,1
979,1993-08-01,0.0,0.1742,0.0,0.0,0.0,0.0,1
980,1993-09-01,0.0,0.1751,0.0,0.0,0.0,0.0,1
981,1993-10-01,0.0,0.1893,0.0,0.0,0.0,0.0,1
982,1993-11-01,0.0,0.1719,0.0,0.0,0.0,0.0,1
983,1993-12-01,0.0,0.1702,0.0,0.0,0.0,0.0,1
984,1994-01-01,0.0,0.1291,0.0,0.0,0.0,0.0,1
985,1994-02-01,0.0,0.0909,0.0,0.0,0.0,0.0,1
986,1994-03-01,0.246,0.0716,0.0,0.24229206909767098,0.0037079309023290144,0.0,1
987,1994-04-01,0.492,0.0691,0.0,0.48558252567901294,0.006417474320987024,0.0,1
988,1994-05-01,1.967,0.0807,0.0,1.9429060177520103,0.02409398224798984,0.0,1
989,1994-06-01,0.0,0.1177,0.0,0.0,0.0,0.0,1
990,1994-07-01,0.0,0.1505,0.0,0.0,0.0,0.0,1
991,1994-08-01,0.0,0.1742,0.0,0.0,0.0,0.0,1
992,1994-09-01,0.0,0.1751,0.0,0.0,0.0,0.0,1
993,1994-10-01,0.0,0.1893,0.0,0.0,0.0,0.0,1
994,1994-11-01,0.0,0.1719,0.0,0.0,0.0,0.0,1
995,1994-12-01,0.0,0.1702,0.0,0.0,0.0,0.0,1
996,1995-01-01,0.492,0.1291,0.0,0.48001018907612986,0.011989810923870112,0.0,1
997,1995-02-01,0.246,0.0909,0.0,0.2412925849298644,0.004707415070135577,0.0,1
998,1995-03-01,251.73,0.0716,0.0,65.7,2.402951122311978,0.0,0
999,1995-04-01,813.94,0.0691,183.62704887768803,65.7,7.731243073458431,0.0,0
1000,1995-05-01,134.72,0.0807,924.1358058042297,65.7,9.499618624264969,0.0,0
1001,1995-06-01,56.541,0.1177,983.6561871799647,65.7,13.63341903721185,0.0,0
1002,1995-07-01,0.0,0.1505,960.8637681427529,65.7,16.273286610111818,0.0,0
1003,1995-08-01,0.0,0.1742,878.890481532641,65.7,17.43701409317782,0.0,0
1004,1995-09-01,0.0,0.1751,795.7534674394632,65.7,16.090447010330603,0.0,0
1005,1995-10-01,0.0,0.1893,713.9630204291325,65.7,15.836248861621822,0.0,0
1006,1995-11-01,0.0,0.1719,632.4267715675106,65.7,12.954898537442748,0.0,0
1007,1995-12-01,0.0,0.1702,553.7718730300678,65.7,11.431080001458255,0.0,0
1008,1996-01-01,0.0,0.1291,476.6407930286095,65.7,7.616968892194439,0.0,0
1009,1996-02-01,0.0,0.0909,403.32382413641506,65.7,4.6379643129994985,0.0,0
1010,1996-03-01,0.983,0.0716,332.9858598234155,65.7,3.0943058437406283,0.0,0
1011,1996-04-01,159.54,0.0691,265.17455397967484,65.7,3.691695610817646,0.0,0
1012,1996-05-01,332.12,0.0807,355.3228583688572,65.7,6.552607555425213,0.0,0
1013,1996-06-01,15.241,0.1177,615.190250813432,65.7,8.858810020205652,0.0,0
1014,1996-07-01,0.0,0.1505,555.8724407932264,65.7,10.146780840831486,0.0,0
1015,1996-08-01,0.0,0.1742,480.0256599523949,65.7,10.328472641356445,0.0,0
1016,1996-09-01,0.0,0.1751,403.99718731103843,65.7,8.925218470129987,0.0,0
1017,1996-10-01,0.0,0.1893,329.3719688409084,65.7,8.051928539524996,0.0,0
1018,1996-11-01,0.0,0.1719,255.6200403013834,65.7,5.8305388600972385,0.0,0
1019,1996-12-01,0.0,0.1702,184.08950144128616,65.7,4.2759501120413725,0.0,0
